Name,Length,ExpAA,First60,PredHel,Topology
lcl|NC_007205.1_prot_WP_049752874.1_1,140,0,0,0,o
lcl|NC_007205.1_prot_WP_006997909.1_2,339,0,0,0,o
lcl|NC_007205.1_prot_WP_006997908.1_3,182,0.08,0.06,0,o
lcl|NC_007205.1_prot_WP_011281400.1_4,588,0.19,0,0,o
lcl|NC_007205.1_prot_WP_011281401.1_5,313,4.41,0,0,o
lcl|NC_007205.1_prot_WP_011281402.1_6,470,10.19,7.59,0,o
lcl|NC_007205.1_prot_WP_006997904.1_7,61,36.89,36.89,2,o4-22i42-59o
lcl|NC_007205.1_prot_WP_011281403.1_8,288,19.07,19,1,i7-25o
lcl|NC_007205.1_prot_WP_011281404.1_9,366,20.19,5.18,1,o57-79i
lcl|NC_007205.1_prot_WP_011281405.1_10,291,0.03,0.01,0,o
lcl|NC_007205.1_prot_WP_006997900.1_11,315,0,0,0,o
lcl|NC_007205.1_prot_WP_011281407.1_12,123,0.08,0.02,0,o
lcl|NC_007205.1_prot_WP_011281408.1_13,462,1.54,1.53,0,o
lcl|NC_007205.1_prot_WP_011281409.1_14,483,22.25,22.2,1,i32-54o
lcl|NC_007205.1_prot_WP_011281410.1_15,678,0.26,0.11,0,o
lcl|NC_007205.1_prot_WP_011281411.1_16,564,0.15,0.02,0,o
lcl|NC_007205.1_prot_WP_011281412.1_17,676,0,0,0,o
lcl|NC_007205.1_prot_WP_011281413.1_18,282,0.52,0.5,0,o
lcl|NC_007205.1_prot_WP_006997890.1_19,306,0.71,0.43,0,o
lcl|NC_007205.1_prot_WP_011281414.1_20,369,0.01,0,0,o
lcl|NC_007205.1_prot_WP_011281415.1_21,225,17.24,17.24,1,i12-29o
lcl|NC_007205.1_prot_WP_011281416.1_22,304,0,0,0,o
lcl|NC_007205.1_prot_WP_049752871.1_23,312,1.36,0,0,o
lcl|NC_007205.1_prot_WP_011281418.1_24,464,21.87,18.07,1,i9-28o
lcl|NC_007205.1_prot_WP_011281419.1_25,356,38.63,6.6,1,i62-84o
lcl|NC_007205.1_prot_WP_011281420.1_26,374,217.44,28.29,10,i21-43o53-75i82-104o119-141i148-170o174-196i198-220o282-301i314-336o346-368i
lcl|NC_007205.1_prot_WP_011281421.1_27,431,0.1,0.09,0,o
lcl|NC_007205.1_prot_WP_006997881.1_28,361,209.47,22.51,10,o28-50i70-92o97-115i128-150o170-192i204-226o236-258i263-285o290-312i339-358o
lcl|NC_007205.1_prot_WP_011281422.1_29,948,0.05,0,0,o
lcl|NC_007205.1_prot_WP_027307127.1_30,560,21.73,21.73,1,i31-53o
lcl|NC_007205.1_prot_WP_011281424.1_31,102,14.03,14.03,1,o4-21i
lcl|NC_007205.1_prot_WP_006997877.1_32,336,0.72,0.72,0,o
lcl|NC_007205.1_prot_WP_011281425.1_33,495,2.42,0.08,0,o
lcl|NC_007205.1_prot_WP_006997875.1_34,155,0.01,0,0,o
lcl|NC_007205.1_prot_WP_011281426.1_35,247,0,0,0,o
lcl|NC_007205.1_prot_WP_006997873.1_36,261,1,0.03,0,o
lcl|NC_007205.1_prot_WP_011281427.1_37,197,3.8,3.79,0,o
lcl|NC_007205.1_prot_WP_006997871.1_38,607,0,0,0,o
lcl|NC_007205.1_prot_WP_011281429.1_39,591,0,0,0,o
lcl|NC_007205.1_prot_WP_011281430.1_40,153,0,0,0,o
lcl|NC_007205.1_prot_WP_011281431.1_41,398,3.1,0.05,0,o
lcl|NC_007205.1_prot_WP_011281432.1_42,1074,0.73,0.57,0,o
lcl|NC_007205.1_prot_WP_041185763.1_43,743,19.06,19.06,1,i7-26o
lcl|NC_007205.1_prot_WP_011281435.1_44,723,21.24,21.21,1,i21-43o
lcl|NC_007205.1_prot_WP_011281436.1_45,114,18.02,18.01,1,i7-26o
lcl|NC_007205.1_prot_WP_011281437.1_46,724,19.44,19.43,1,i7-26o
lcl|NC_007205.1_prot_WP_011281438.1_47,322,1.58,1.14,0,o
lcl|NC_007205.1_prot_WP_011281439.1_48,282,171.63,42.68,8,i7-24o39-61i68-85o100-122i135-154o169-186i199-218o255-277i
lcl|NC_007205.1_prot_WP_027307135.1_49,716,240.92,25.45,11,o15-37i58-80o95-117i124-146o182-204i217-239o254-276i283-300o305-327i334-356o371-393i
lcl|NC_007205.1_prot_WP_011281441.1_50,745,239,16.5,11,o43-65i86-108o123-145i152-174o197-219i240-257o272-294i301-320o325-344i351-373o388-410i
lcl|NC_007205.1_prot_WP_011281442.1_51,109,18.73,18.72,1,i7-26o
lcl|NC_007205.1_prot_WP_011281443.1_52,96,5.82,5.82,0,o
lcl|NC_007205.1_prot_WP_011281444.1_53,145,23.37,23.23,1,o20-42i
lcl|NC_007205.1_prot_WP_011281445.1_54,161,22.58,22.5,1,i7-29o
lcl|NC_007205.1_prot_WP_006997853.1_55,94,0,0,0,i
lcl|NC_007205.1_prot_WP_006997852.1_56,99,0.01,0,0,i
lcl|NC_007205.1_prot_WP_006997851.1_57,144,0,0,0,o
lcl|NC_007205.1_prot_WP_006997850.1_58,410,75.78,0,3,i172-193o225-247i377-399o
lcl|NC_007205.1_prot_WP_006997849.1_59,583,0,0,0,o
lcl|NC_007205.1_prot_WP_011281446.1_60,518,15.1,15.1,1,i7-24o
lcl|NC_007205.1_prot_WP_006997847.1_61,168,0.82,0.82,0,o
lcl|NC_007205.1_prot_WP_006997846.1_62,225,24.22,22.24,1,i25-47o
lcl|NC_007205.1_prot_WP_011281447.1_63,847,22.65,0,1,o689-711i
lcl|NC_007205.1_prot_WP_011281448.1_64,448,0.01,0,0,o
lcl|NC_007205.1_prot_WP_011281449.1_65,254,120.01,10.33,5,o71-93i98-120o146-168i189-211o226-245i
lcl|NC_007205.1_prot_WP_041185764.1_66,237,17.66,17.65,1,i5-22o
lcl|NC_007205.1_prot_WP_006997841.1_67,69,45.06,43.17,2,o5-27i40-62o
lcl|NC_007205.1_prot_WP_041185765.1_68,1571,0.16,0.15,0,o
lcl|NC_007205.1_prot_WP_027307144.1_69,172,9.25,9.25,0,o
lcl|NC_007205.1_prot_WP_027307145.1_70,257,22.6,22.57,1,i9-31o
lcl|NC_007205.1_prot_WP_027307146.1_71,310,22.62,22.62,1,i12-34o
lcl|NC_007205.1_prot_WP_011281455.1_72,216,22.17,22.17,1,i7-29o
lcl|NC_007205.1_prot_WP_011281456.1_73,241,21.36,21.36,1,i13-35o
lcl|NC_007205.1_prot_WP_006997834.1_74,337,0.01,0,0,o
lcl|NC_007205.1_prot_WP_006997832.1_75,220,0,0,0,o
lcl|NC_007205.1_prot_WP_006997831.1_76,314,0,0,0,o
lcl|NC_007205.1_prot_WP_011281457.1_77,314,8.54,8.5,0,o
lcl|NC_007205.1_prot_WP_011281458.1_78,339,0.09,0.08,0,o
lcl|NC_007205.1_prot_WP_011281459.1_79,149,0,0,0,o
lcl|NC_007205.1_prot_WP_011281460.1_80,399,0.08,0,0,o
lcl|NC_007205.1_prot_WP_011281461.1_81,723,0.38,0,0,o
lcl|NC_007205.1_prot_WP_011281462.1_82,250,0.06,0,0,o
lcl|NC_007205.1_prot_WP_011281463.1_83,141,0,0,0,o
lcl|NC_007205.1_prot_WP_006997824.1_84,611,0.28,0,0,o
lcl|NC_007205.1_prot_WP_006997823.1_85,194,86.63,26.86,4,i20-42o78-100i121-143o158-180i
lcl|NC_007205.1_prot_WP_006997822.1_86,293,0.05,0,0,o
lcl|NC_007205.1_prot_WP_006997821.1_87,145,0.03,0.03,0,o
lcl|NC_007205.1_prot_WP_006997820.1_88,225,0,0,0,o
lcl|NC_007205.1_prot_WP_011281464.1_89,439,43.69,22.72,2,o22-44i164-183o
lcl|NC_007205.1_prot_WP_006997818.1_90,84,0,0,0,i
lcl|NC_007205.1_prot_WP_006997817.1_91,256,148.31,28.78,7,o10-32i53-72o87-109i116-138o170-189i196-215o230-252i
lcl|NC_007205.1_prot_WP_011281465.1_92,347,14.05,13.04,0,o
lcl|NC_007205.1_prot_WP_006997815.1_93,134,0,0,0,o
lcl|NC_007205.1_prot_WP_006997814.1_94,310,0,0,0,o
lcl|NC_007205.1_prot_WP_011281467.1_95,228,0.01,0,0,o
lcl|NC_007205.1_prot_WP_011281468.1_96,186,0,0,0,o
lcl|NC_007205.1_prot_WP_006997811.1_97,357,0,0,0,o
lcl|NC_007205.1_prot_WP_011281469.1_98,259,31.82,13.61,2,i7-24o229-246i
lcl|NC_007205.1_prot_WP_011281470.1_99,419,205.23,19.37,9,o41-63i88-110o125-147i154-176o191-213i245-267o304-323i340-359o364-386i
lcl|NC_007205.1_prot_WP_011281471.1_100,169,20.44,20.34,1,i13-32o
lcl|NC_007205.1_prot_WP_006997807.1_101,153,0.4,0.36,0,o
lcl|NC_007205.1_prot_WP_006997806.1_102,275,0.16,0,0,o
lcl|NC_007205.1_prot_WP_006997805.1_103,158,0,0,0,o
lcl|NC_007205.1_prot_WP_011281472.1_104,424,0.53,0,0,o
lcl|NC_007205.1_prot_WP_011281473.1_105,281,0.49,0,0,o
lcl|NC_007205.1_prot_WP_011281474.1_106,561,0.03,0.03,0,o
lcl|NC_007205.1_prot_WP_011281475.1_107,243,0.91,0,0,o
lcl|NC_007205.1_prot_WP_011281476.1_108,186,3.14,3.14,0,o
lcl|NC_007205.1_prot_WP_011281477.1_109,356,0.53,0,0,o
lcl|NC_007205.1_prot_WP_011281478.1_110,383,24.9,11,0,o
lcl|NC_007205.1_prot_WP_011281479.1_111,326,0.08,0.06,0,o
lcl|NC_007205.1_prot_WP_011281480.1_112,162,0.02,0,0,i
lcl|NC_007205.1_prot_WP_041185766.1_113,196,3.76,3.76,0,o
lcl|NC_007205.1_prot_WP_011281482.1_114,857,0.14,0,0,o
lcl|NC_007205.1_prot_WP_006997793.1_115,91,37.57,17.7,2,i33-55o65-83i
lcl|NC_007205.1_prot_WP_006997792.1_116,244,131.51,22.13,6,i27-49o86-108i115-134o149-171i191-213o218-240i
lcl|NC_007205.1_prot_WP_006997791.1_117,75,45.34,32.71,2,i13-35o50-72i
lcl|NC_007205.1_prot_WP_011281483.1_118,179,22.09,22.09,1,o20-42i
lcl|NC_007205.1_prot_WP_006997789.1_119,168,21.7,21.7,1,o4-26i
lcl|NC_007205.1_prot_WP_011281485.1_120,485,8.81,2.04,0,o
lcl|NC_007205.1_prot_WP_011281486.1_121,283,6.79,0.05,0,o
lcl|NC_007205.1_prot_WP_041185767.1_122,358,0.63,0.26,0,o
lcl|NC_007205.1_prot_WP_011281488.1_123,312,186.92,42.08,8,i9-28o33-55i75-106o126-148i169-191o206-228i248-270o285-307i
lcl|NC_007205.1_prot_WP_011281489.1_124,314,0.01,0,0,o
lcl|NC_007205.1_prot_WP_011281490.1_125,322,2.64,0,0,o
lcl|NC_007205.1_prot_WP_011281491.1_126,141,0,0,0,o
lcl|NC_007205.1_prot_WP_006997781.1_127,161,0.65,0.65,0,o
lcl|NC_007205.1_prot_WP_006997780.1_128,459,1.11,0.01,0,o
lcl|NC_007205.1_prot_WP_011281492.1_129,217,41.38,22.7,2,i5-27o194-212i
lcl|NC_007205.1_prot_WP_011281493.1_130,262,147.57,36.67,7,i17-36o40-59i94-116o131-153i160-182o197-219i239-261o
lcl|NC_007205.1_prot_WP_011281494.1_131,178,22.49,22.48,1,i7-29o
lcl|NC_007205.1_prot_WP_006997776.1_132,41,21.39,21.39,1,i13-32o
lcl|NC_007205.1_prot_WP_011281495.1_133,303,180.89,26.31,9,i30-49o54-76i101-120o124-143i150-169o179-198i219-241o245-262i282-299o
lcl|NC_007205.1_prot_WP_011281496.1_134,544,270.08,22.46,12,i29-51o73-95i116-134o166-188i209-231o257-279i286-308o323-345i358-380o395-417i430-452o472-494i
lcl|NC_007205.1_prot_WP_011281497.1_135,271,50.37,20.23,2,i47-69o89-111i
lcl|NC_007205.1_prot_WP_011281498.1_136,233,0.06,0,0,o
lcl|NC_007205.1_prot_WP_011281499.1_137,220,0.02,0,0,o
lcl|NC_007205.1_prot_WP_006997770.1_138,119,0.26,0.2,0,o
lcl|NC_007205.1_prot_WP_006997769.1_139,78,0,0,0,o
lcl|NC_007205.1_prot_WP_018413556.1_140,136,81.44,32.24,4,i21-38o48-70i77-94o104-121i
lcl|NC_007205.1_prot_WP_011281501.1_141,512,0.05,0,0,o
lcl|NC_007205.1_prot_WP_006997766.1_142,279,0,0,0,o
lcl|NC_007205.1_prot_WP_006997765.1_143,324,0.15,0,0,o
lcl|NC_007205.1_prot_WP_011281502.1_144,134,63.09,18.32,3,o5-24i63-85o90-112i
lcl|NC_007205.1_prot_WP_011281503.1_145,287,160.79,35.72,8,i16-33o43-65i99-121o136-158i165-187o212-229i236-253o268-285i
lcl|NC_007205.1_prot_WP_011281504.1_146,579,118.46,25.97,5,i21-43o58-80i119-141o154-176i242-264o
lcl|NC_007205.1_prot_WP_006997761.1_147,420,40.43,33.62,2,o4-25i46-68o
lcl|NC_007205.1_prot_WP_011281505.1_148,314,19.65,19.2,1,o15-32i
lcl|NC_007205.1_prot_WP_006997759.1_149,286,19.53,19.46,1,i7-29o
lcl|NC_007205.1_prot_WP_006997758.1_150,62,0,0,0,i
lcl|NC_007205.1_prot_WP_006997757.1_151,421,0,0,0,o
lcl|NC_007205.1_prot_WP_006997756.1_152,188,0.02,0,0,o
lcl|NC_007205.1_prot_WP_006997755.1_153,380,10.28,4.03,0,o
lcl|NC_007205.1_prot_WP_018413569.1_154,150,22,22,1,i7-29o
lcl|NC_007205.1_prot_WP_011281507.1_155,166,94.09,30.53,5,o4-22i43-65o69-91i98-120o135-157i
lcl|NC_007205.1_prot_WP_006997752.1_156,905,0.04,0,0,o
lcl|NC_007205.1_prot_WP_011281508.1_157,305,0.06,0.03,0,o
lcl|NC_007205.1_prot_WP_011281509.1_158,272,0.09,0.09,0,o
lcl|NC_007205.1_prot_WP_006997749.1_159,96,0,0,0,o
lcl|NC_007205.1_prot_WP_011281510.1_160,554,0.12,0.01,0,o
lcl|NC_007205.1_prot_WP_011281511.1_161,582,0,0,0,o
lcl|NC_007205.1_prot_WP_011281512.1_162,608,0.09,0,0,o
lcl|NC_007205.1_prot_WP_011281513.1_163,215,129.45,23.17,6,i27-49o64-86i93-115o125-147i166-185o189-211i
lcl|NC_007205.1_prot_WP_011281514.1_164,226,6.37,6.34,0,o
lcl|NC_007205.1_prot_WP_011281515.1_165,323,0.16,0.15,0,o
lcl|NC_007205.1_prot_WP_011281516.1_166,439,0.09,0,0,o
lcl|NC_007205.1_prot_WP_011281517.1_167,470,0.01,0,0,o
lcl|NC_007205.1_prot_WP_011281518.1_168,120,0.16,0,0,o
lcl|NC_007205.1_prot_WP_006997738.1_169,115,21.86,0.02,1,i80-102o
lcl|NC_007205.1_prot_WP_011281519.1_170,180,0.66,0.66,0,o
lcl|NC_007205.1_prot_WP_011281520.1_171,391,0,0,0,o
lcl|NC_007205.1_prot_WP_011281521.1_172,294,0.03,0.02,0,o
lcl|NC_007205.1_prot_WP_011281522.1_173,311,7.15,7.15,0,o
lcl|NC_007205.1_prot_WP_011281523.1_174,312,3.61,0.09,0,o
lcl|NC_007205.1_prot_WP_011281524.1_175,168,61.88,42.78,3,o4-23i36-58o63-85i
lcl|NC_007205.1_prot_WP_011281525.1_176,691,0.27,0,0,o
lcl|NC_007205.1_prot_WP_006997730.1_177,148,0,0,0,o
lcl|NC_007205.1_prot_WP_011281526.1_178,101,5.2,5.2,0,o
lcl|NC_007205.1_prot_WP_011281527.1_179,436,244.75,28.87,12,i20-39o54-76i83-105o110-132i139-161o176-193i200-219o234-256i328-347o351-368i381-403o418-435i
lcl|NC_007205.1_prot_WP_011281528.1_180,178,0.15,0.12,0,o
lcl|NC_007205.1_prot_WP_011281529.1_181,98,0,0,0,o
lcl|NC_007205.1_prot_WP_041185768.1_182,211,2.45,1.81,0,o
lcl|NC_007205.1_prot_WP_011281531.1_183,294,204.03,38.72,10,i7-26o37-54i71-88o93-115i120-138o148-167i174-196o206-223i232-254o258-277i
lcl|NC_007205.1_prot_WP_011281532.1_184,147,0,0,0,o
lcl|NC_007205.1_prot_WP_011281533.1_185,270,15.24,0,0,o
lcl|NC_007205.1_prot_WP_011281534.1_186,289,22.64,22.64,1,i7-29o
lcl|NC_007205.1_prot_WP_011281535.1_187,1040,237.66,21.87,11,i12-34o344-366i379-401o435-457i469-491o532-551i863-882o886-908i913-935o964-986i993-1015o
lcl|NC_007205.1_prot_WP_011281536.1_188,199,10.43,10.43,0,o
lcl|NC_007205.1_prot_WP_011281537.1_189,129,84.75,34.79,4,i13-35o48-70i77-96o106-124i
lcl|NC_007205.1_prot_WP_011281538.1_190,238,0,0,0,o
lcl|NC_007205.1_prot_WP_011281539.1_191,229,0.09,0.08,0,o
lcl|NC_007205.1_prot_WP_011281540.1_192,321,0.27,0,0,o
lcl|NC_007205.1_prot_WP_011281541.1_193,152,0.02,0.02,0,o
lcl|NC_007205.1_prot_WP_006997713.1_194,428,0.08,0.04,0,o
lcl|NC_007205.1_prot_WP_011281542.1_195,512,43.43,22.48,2,o15-37i210-229o
lcl|NC_007205.1_prot_WP_006997711.1_196,235,0,0,0,o
lcl|NC_007205.1_prot_WP_011281543.1_197,924,0.22,0.22,0,o
lcl|NC_007205.1_prot_WP_011281544.1_198,309,0.17,0.1,0,o
lcl|NC_007205.1_prot_WP_006997708.1_199,183,113.48,35.93,5,o15-34i47-69o89-111i118-140o150-172i
lcl|NC_007205.1_prot_WP_006997707.1_200,187,0.05,0,0,o
lcl|NC_007205.1_prot_WP_011281545.1_201,392,0.01,0,0,o
lcl|NC_007205.1_prot_WP_006997705.1_202,347,1.48,0,0,o
lcl|NC_007205.1_prot_WP_006997704.1_203,291,0.02,0,0,o
lcl|NC_007205.1_prot_WP_041185769.1_204,173,104.35,28.07,5,o15-37i49-71o76-95i108-130o143-165i
lcl|NC_007205.1_prot_WP_006997702.1_205,107,0,0,0,o
lcl|NC_007205.1_prot_WP_011281547.1_206,350,0.03,0,0,o
lcl|NC_007205.1_prot_WP_011281548.1_207,525,0.05,0.04,0,o
lcl|NC_007205.1_prot_WP_006997698.1_208,481,231.21,42.42,10,i7-29o39-58i70-92o135-157i178-200o237-259i272-291o330-352i388-410o454-476i
lcl|NC_007205.1_prot_WP_011281549.1_209,458,256.01,28.28,12,i24-46o56-73i93-112o117-134i155-177o192-214i242-261o266-288i312-334o338-357i364-386o428-450i
lcl|NC_007205.1_prot_WP_011281550.1_210,248,0.54,0,0,o
lcl|NC_007205.1_prot_WP_011281551.1_211,298,2.27,2.26,0,o
lcl|NC_007205.1_prot_WP_006997694.1_212,360,0.08,0,0,o
lcl|NC_007205.1_prot_WP_011281552.1_213,372,1.86,0.01,0,o
lcl|NC_007205.1_prot_WP_006997692.1_214,198,0.02,0,0,o
lcl|NC_007205.1_prot_WP_006997691.1_215,239,0.01,0,0,o
lcl|NC_007205.1_prot_WP_006997690.1_216,134,0,0,0,o
lcl|NC_007205.1_prot_WP_006997689.1_217,84,0.07,0.07,0,o
lcl|NC_007205.1_prot_WP_006997688.1_218,327,0.01,0,0,o
lcl|NC_007205.1_prot_WP_006997687.1_219,368,0.01,0.01,0,o
lcl|NC_007205.1_prot_WP_011281553.1_220,416,0.01,0,0,o
lcl|NC_007205.1_prot_WP_011281554.1_221,180,0.03,0,0,o
lcl|NC_007205.1_prot_WP_006997684.1_222,116,0,0,0,o
lcl|NC_007205.1_prot_WP_034400343.1_223,378,0.37,0.31,0,o
lcl|NC_007205.1_prot_WP_006997682.1_224,158,0,0,0,o
lcl|NC_007205.1_prot_WP_006997681.1_225,130,0,0,0,o
lcl|NC_007205.1_prot_WP_006997680.1_226,472,0.16,0,0,o
lcl|NC_007205.1_prot_WP_011281555.1_227,291,0,0,0,o
lcl|NC_007205.1_prot_WP_006997678.1_228,511,0.01,0,0,o
lcl|NC_007205.1_prot_WP_011281556.1_229,185,0.14,0,0,o
lcl|NC_007205.1_prot_WP_011281557.1_230,651,0.01,0,0,o
lcl|NC_007205.1_prot_WP_011281558.1_231,466,3.51,3.5,0,o
lcl|NC_007205.1_prot_WP_011281559.1_232,425,0.05,0,0,o
lcl|NC_007205.1_prot_WP_011281560.1_233,967,0,0,0,o
lcl|NC_007205.1_prot_WP_011281561.1_234,291,0.4,0,0,o
lcl|NC_007205.1_prot_WP_011281562.1_235,386,0.1,0.01,0,o
lcl|NC_007205.1_prot_WP_011281563.1_236,320,0.16,0.05,0,o
lcl|NC_007205.1_prot_WP_011281564.1_237,497,2.46,0,0,o
lcl|NC_007205.1_prot_WP_011281565.1_238,257,0.01,0,0,o
lcl|NC_007205.1_prot_WP_011281566.1_239,590,0.42,0.42,0,o
lcl|NC_007205.1_prot_WP_011281567.1_240,108,61.08,31.44,3,o10-32i51-73o88-107i
lcl|NC_007205.1_prot_WP_011281568.1_241,127,65.61,23.51,3,o28-50i59-81o101-123i
lcl|NC_007205.1_prot_WP_011281569.1_242,333,0.01,0,0,o
lcl|NC_007205.1_prot_WP_011281570.1_243,369,0.25,0.24,0,o
lcl|NC_007205.1_prot_WP_006997662.1_244,258,0.1,0.1,0,o
lcl|NC_007205.1_prot_WP_011281571.1_245,542,0.9,0,0,o
lcl|NC_007205.1_prot_WP_006997660.1_246,587,0.03,0,0,o
lcl|NC_007205.1_prot_WP_006997659.1_247,368,0.07,0,0,o
lcl|NC_007205.1_prot_WP_011281572.1_248,203,0.32,0.08,0,o
lcl|NC_007205.1_prot_WP_006997657.1_249,467,0.12,0,0,o
lcl|NC_007205.1_prot_WP_011281573.1_250,164,0.04,0,0,o
lcl|NC_007205.1_prot_WP_011281574.1_251,228,0.03,0,0,o
lcl|NC_007205.1_prot_WP_011281575.1_252,177,0,0,0,o
lcl|NC_007205.1_prot_WP_011281576.1_253,452,0,0,0,o
lcl|NC_007205.1_prot_WP_011281577.1_254,274,0.06,0,0,o
lcl|NC_007205.1_prot_WP_006997651.1_255,305,0.03,0,0,o
lcl|NC_007205.1_prot_WP_006997650.1_256,187,0.58,0.57,0,o
lcl|NC_007205.1_prot_WP_011281578.1_257,297,206.85,41.46,10,i7-26o41-60i73-92o97-119i124-143o158-180i192-211o221-240i247-269o274-293i
lcl|NC_007205.1_prot_WP_011281579.1_258,59,42.09,42.09,2,i7-26o30-52i
lcl|NC_007205.1_prot_WP_006997647.1_259,445,0.08,0,0,o
lcl|NC_007205.1_prot_WP_006997646.1_260,453,268.97,29.1,12,o10-32i74-93o113-142i155-177o192-214i237-259o263-280i300-319o334-352i359-381o386-405i418-440o
lcl|NC_007205.1_prot_WP_006997645.1_261,195,86.8,31.65,4,i19-41o51-70i90-112o132-154i
lcl|NC_007205.1_prot_WP_011281581.1_262,385,17.69,17.27,1,i21-40o
lcl|NC_007205.1_prot_WP_011281582.1_263,357,0.18,0.12,0,o
lcl|NC_007205.1_prot_WP_011281583.1_264,359,0.02,0.02,0,o
lcl|NC_007205.1_prot_WP_011281584.1_265,282,135.43,22.49,6,i7-29o78-100i119-141o146-165i204-226o246-268i
lcl|NC_007205.1_prot_WP_011281585.1_266,286,135.98,22.96,6,i7-29o64-86i99-121o152-174i195-217o254-276i
lcl|NC_007205.1_prot_WP_011281586.1_267,511,2.71,2.71,0,o
lcl|NC_007205.1_prot_WP_011281587.1_268,353,4.78,0,0,o
lcl|NC_007205.1_prot_WP_011281588.1_269,360,0.03,0,0,o
lcl|NC_007205.1_prot_WP_011281589.1_270,405,262.24,33.66,12,i13-35o50-72i79-98o108-130i143-165o169-191i215-237o252-274i287-305o315-337i344-366o381-400i
lcl|NC_007205.1_prot_WP_011281590.1_271,317,0.02,0,0,o
lcl|NC_007205.1_prot_WP_011281591.1_272,431,2.75,0,0,o
lcl|NC_007205.1_prot_WP_011281592.1_273,422,0.09,0,0,o
lcl|NC_007205.1_prot_WP_011281593.1_274,498,0.01,0,0,o
lcl|NC_007205.1_prot_WP_011281594.1_275,387,0.03,0,0,o
lcl|NC_007205.1_prot_WP_011281595.1_276,383,1.39,0,0,o
lcl|NC_007205.1_prot_WP_011281596.1_277,169,30.75,18.55,1,i7-25o
lcl|NC_007205.1_prot_WP_011281597.1_278,126,20.73,0.26,1,o96-115i
lcl|NC_007205.1_prot_WP_011281598.1_279,173,19.34,18.95,1,i5-22o
lcl|NC_007205.1_prot_WP_011281599.1_280,625,320.19,42.17,15,o5-27i40-62o96-113i132-154o169-191i211-233o248-265i272-294o314-333i354-376o391-413i426-445o449-471i484-506o602-621i
lcl|NC_007205.1_prot_WP_011281600.1_281,139,21.09,20.61,1,o10-28i
lcl|NC_007205.1_prot_WP_011281601.1_282,75,22.08,22.08,1,o10-32i
lcl|NC_007205.1_prot_WP_011281602.1_283,236,128.92,23.88,6,i20-39o59-81i88-110o120-142i154-176o196-218i
lcl|NC_007205.1_prot_WP_006997624.1_284,106,0,0,0,o
lcl|NC_007205.1_prot_WP_006997623.1_285,183,105.4,34.31,5,o28-50i57-75o80-102i130-149o159-176i
lcl|NC_007205.1_prot_WP_011281603.1_286,114,0,0,0,o
lcl|NC_007205.1_prot_WP_034399313.1_287,217,142.48,41.25,7,o4-21i34-56o71-93i100-117o127-146i153-171o191-213i
lcl|NC_007205.1_prot_WP_011281605.1_288,345,0.05,0,0,o
lcl|NC_007205.1_prot_WP_011281606.1_289,168,5.03,5.03,0,o
lcl|NC_007205.1_prot_WP_011281607.1_290,395,1.53,0.25,0,o
lcl|NC_007205.1_prot_WP_011281608.1_291,205,0.01,0.01,0,o
lcl|NC_007205.1_prot_WP_011281609.1_292,152,64.91,25.53,3,i29-51o56-78i102-124o
lcl|NC_007205.1_prot_WP_011281610.1_293,126,82.23,42.4,4,i7-26o37-59i64-83o93-112i
lcl|NC_007205.1_prot_WP_011281611.1_294,380,0.84,0,0,o
lcl|NC_007205.1_prot_WP_011281612.1_295,73,54.49,43.38,3,i5-23o27-46i53-72o
lcl|NC_007205.1_prot_WP_011281613.1_296,239,0.01,0,0,o
lcl|NC_007205.1_prot_WP_011281614.1_297,202,130.35,42.24,6,o6-28i41-63o68-90i109-131o141-163i175-194o
lcl|NC_007205.1_prot_WP_011281615.1_298,137,80.37,44.18,4,i7-29o39-61i91-113o118-136i
lcl|NC_007205.1_prot_WP_011281616.1_299,496,0.61,0,0,o
lcl|NC_007205.1_prot_WP_011281617.1_300,236,0.02,0.01,0,o
lcl|NC_007205.1_prot_WP_011281618.1_301,363,20.24,20.2,1,i13-35o
lcl|NC_007205.1_prot_WP_011281619.1_302,350,5.27,5.16,0,o
lcl|NC_007205.1_prot_WP_011281620.1_303,281,0.2,0.03,0,o
lcl|NC_007205.1_prot_WP_006997601.1_304,96,43.85,21.89,2,o15-34i61-83o
lcl|NC_007205.1_prot_WP_006997600.1_305,361,105.39,22.39,5,o22-44i67-89o109-131i138-160o165-184i
lcl|NC_007205.1_prot_WP_006997599.1_306,232,0,0,0,o
lcl|NC_007205.1_prot_WP_011281621.1_307,307,0.02,0,0,o
lcl|NC_007205.1_prot_WP_011281622.1_308,357,2.13,0,0,o
lcl|NC_007205.1_prot_WP_011281623.1_309,281,0,0,0,o
lcl|NC_007205.1_prot_WP_011281624.1_310,137,0.01,0,0,o
lcl|NC_007205.1_prot_WP_011281625.1_311,681,14.53,0,1,i170-192o
lcl|NC_007205.1_prot_WP_006997593.1_312,207,0.52,0.07,0,o
lcl|NC_007205.1_prot_WP_006997592.1_313,86,43.79,35.86,2,i13-32o47-69i
lcl|NC_007205.1_prot_WP_011281626.1_314,602,301.68,39.51,14,i13-31o41-60i81-103o108-130i151-173o188-210i217-239o291-313i326-348o424-446i467-489o495-517i524-543o553-575i
lcl|NC_007205.1_prot_WP_006997590.1_315,118,54.21,25.11,3,o10-32i53-75o79-101i
lcl|NC_007205.1_prot_WP_011281627.1_316,219,0.02,0,0,o
lcl|NC_007205.1_prot_WP_011281628.1_317,536,0,0,0,o
lcl|NC_007205.1_prot_WP_006997587.1_318,518,0.02,0,0,o
lcl|NC_007205.1_prot_WP_006997586.1_319,114,0.02,0,0,o
lcl|NC_007205.1_prot_WP_006997585.1_320,213,2.95,2.95,0,o
lcl|NC_007205.1_prot_WP_006997584.1_321,377,7.58,7.57,0,o
lcl|NC_007205.1_prot_WP_011281630.1_322,696,110.65,21.89,5,i13-35o70-92i99-121o131-153i160-182o
lcl|NC_007205.1_prot_WP_006997582.1_323,184,0.67,0.67,0,o
lcl|NC_007205.1_prot_WP_006997581.1_324,167,0.04,0,0,o
lcl|NC_007205.1_prot_WP_006997580.1_325,121,0,0,0,o
lcl|NC_007205.1_prot_WP_006997579.1_326,101,0,0,0,o
lcl|NC_007205.1_prot_WP_011281631.1_327,251,0.1,0,0,o
lcl|NC_007205.1_prot_WP_006997577.1_328,239,0,0,0,o
lcl|NC_007205.1_prot_WP_006997576.1_329,208,0,0,0,o
lcl|NC_007205.1_prot_WP_011281632.1_330,196,0,0,0,o
lcl|NC_007205.1_prot_WP_011281633.1_331,171,0.12,0.11,0,o
lcl|NC_007205.1_prot_WP_011281634.1_332,455,0.01,0,0,o
lcl|NC_007205.1_prot_WP_006997572.1_333,173,0,0,0,i
lcl|NC_007205.1_prot_WP_011281635.1_334,197,20.08,20.08,1,o5-27i
lcl|NC_007205.1_prot_WP_006997570.1_335,140,63.95,38.57,3,o4-21i26-48o78-100i
lcl|NC_007205.1_prot_WP_006997569.1_336,140,0,0,0,o
lcl|NC_007205.1_prot_WP_006997568.1_337,223,0,0,0,o
lcl|NC_007205.1_prot_WP_011281636.1_338,189,0,0,0,o
lcl|NC_007205.1_prot_WP_006997566.1_339,265,3.29,0,0,o
lcl|NC_007205.1_prot_WP_011281637.1_340,195,0.05,0,0,o
lcl|NC_007205.1_prot_WP_006997564.1_341,274,0.03,0,0,o
lcl|NC_007205.1_prot_WP_011281638.1_342,333,1.14,0,0,o
lcl|NC_007205.1_prot_WP_011281639.1_343,344,0.03,0.03,0,o
lcl|NC_007205.1_prot_WP_011281640.1_344,144,87.45,30.6,4,o10-32i53-75o80-102i123-141o
lcl|NC_007205.1_prot_WP_006997560.1_345,422,0,0,0,o
lcl|NC_007205.1_prot_WP_011281641.1_346,557,0.23,0.14,0,o
lcl|NC_007205.1_prot_WP_011281642.1_347,443,0.22,0.22,0,o
lcl|NC_007205.1_prot_WP_011281643.1_348,623,1.37,0.43,0,o
lcl|NC_007205.1_prot_WP_011281644.1_349,213,1.48,0,0,o
lcl|NC_007205.1_prot_WP_011281645.1_350,264,0.42,0.01,0,o
lcl|NC_007205.1_prot_WP_011281646.1_351,282,0,0,0,o
lcl|NC_007205.1_prot_WP_011281647.1_352,331,0,0,0,o
lcl|NC_007205.1_prot_WP_011281648.1_353,154,6.25,6.24,0,o
lcl|NC_007205.1_prot_WP_011281649.1_354,844,0.35,0,0,o
lcl|NC_007205.1_prot_WP_011281650.1_355,185,11.5,10.83,0,o
lcl|NC_007205.1_prot_WP_011281651.1_356,329,2.46,2.4,0,o
lcl|NC_007205.1_prot_WP_011281652.1_357,180,0.66,0.07,0,o
lcl|NC_007205.1_prot_WP_006997546.1_358,216,0.01,0.01,0,o
lcl|NC_007205.1_prot_WP_006997545.1_359,162,0,0,0,o
lcl|NC_007205.1_prot_WP_011281653.1_360,193,0,0,0,o
lcl|NC_007205.1_prot_WP_011281654.1_361,309,0.04,0,0,o
lcl|NC_007205.1_prot_WP_011281655.1_362,217,0.12,0.1,0,o
lcl|NC_007205.1_prot_WP_011281656.1_363,258,0.08,0,0,o
lcl|NC_007205.1_prot_WP_011281657.1_364,376,0.01,0,0,o
lcl|NC_007205.1_prot_WP_006997539.1_365,647,0,0,0,o
lcl|NC_007205.1_prot_WP_011281658.1_366,211,0,0,0,o
lcl|NC_007205.1_prot_WP_011281659.1_367,200,0.01,0,0,o
lcl|NC_007205.1_prot_WP_011281660.1_368,383,19.62,18.18,1,i7-24o
lcl|NC_007205.1_prot_WP_011281661.1_369,287,0.13,0.1,0,o
lcl|NC_007205.1_prot_WP_011281662.1_370,197,22.15,22.14,1,i5-27o
lcl|NC_007205.1_prot_WP_011281663.1_371,762,11.73,0.06,0,o
lcl|NC_007205.1_prot_WP_011281664.1_372,508,288.71,22.4,13,o26-45i89-111o126-148i155-174o184-206i231-253o268-287i308-330o350-372i379-398o402-424i445-462o477-499i
lcl|NC_007205.1_prot_WP_011281665.1_373,333,0.2,0.01,0,o
lcl|NC_007205.1_prot_WP_006997529.1_374,180,0.01,0.01,0,o
lcl|NC_007205.1_prot_WP_011281666.1_375,371,20.31,20.14,1,i41-58o
lcl|NC_007205.1_prot_WP_041185803.1_376,332,0.03,0,0,o
lcl|NC_007205.1_prot_WP_011281668.1_377,128,0.05,0.02,0,o
lcl|NC_007205.1_prot_WP_006997525.1_378,136,0,0,0,o
lcl|NC_007205.1_prot_WP_041185770.1_379,455,0.07,0,0,o
lcl|NC_007205.1_prot_WP_011281670.1_380,333,10.26,0,0,o
lcl|NC_007205.1_prot_WP_011281671.1_381,153,0.05,0,0,o
lcl|NC_007205.1_prot_WP_041185771.1_382,517,168.12,36.31,8,i9-26o31-49i62-84o94-116i123-145o160-190i197-214o489-511i
lcl|NC_007205.1_prot_WP_006997520.1_383,389,0.01,0,0,o
lcl|NC_007205.1_prot_WP_011281673.1_384,517,0,0,0,o
lcl|NC_007205.1_prot_WP_011281674.1_385,734,0.06,0,0,o
lcl|NC_007205.1_prot_WP_011281675.1_386,122,0,0,0,o
lcl|NC_007205.1_prot_WP_006997516.1_387,82,0,0,0,i
lcl|NC_007205.1_prot_WP_011281676.1_388,690,2.48,0.47,0,o
lcl|NC_007205.1_prot_WP_011281677.1_389,231,0,0,0,o
lcl|NC_007205.1_prot_WP_011281678.1_390,130,0,0,0,o
lcl|NC_007205.1_prot_WP_006997513.1_391,261,0.04,0.01,0,o
lcl|NC_007205.1_prot_WP_011281680.1_392,403,0.08,0,0,o
lcl|NC_007205.1_prot_WP_011281681.1_393,166,3.21,0.01,0,o
lcl|NC_007205.1_prot_WP_006997510.1_394,142,0,0,0,i
lcl|NC_007205.1_prot_WP_006997509.1_395,138,0,0,0,o
lcl|NC_007205.1_prot_WP_006997508.1_396,443,0.02,0,0,o
lcl|NC_007205.1_prot_WP_006997507.1_397,197,0.08,0.08,0,o
lcl|NC_007205.1_prot_WP_011281682.1_398,149,15.02,15.02,1,i5-22o
lcl|NC_007205.1_prot_WP_011281683.1_399,251,3.94,3.52,0,o
lcl|NC_007205.1_prot_WP_006997504.1_400,145,0,0,0,o
lcl|NC_007205.1_prot_WP_011281684.1_401,401,0.64,0.64,0,o
lcl|NC_007205.1_prot_WP_006997502.1_402,522,11.61,0.01,0,o
lcl|NC_007205.1_prot_WP_011281685.1_403,234,0.04,0,0,o
lcl|NC_007205.1_prot_WP_011281686.1_404,287,0.35,0.01,0,o
lcl|NC_007205.1_prot_WP_011281687.1_405,86,0,0,0,i
lcl|NC_007205.1_prot_WP_020169003.1_406,470,0.31,0,0,o
lcl|NC_007205.1_prot_WP_011281689.1_407,370,0.02,0.02,0,o
lcl|NC_007205.1_prot_WP_011281690.1_408,233,53.84,41.76,2,i7-29o39-58i
lcl|NC_007205.1_prot_WP_011281691.1_409,404,0.93,0.06,0,o
lcl|NC_007205.1_prot_WP_011281693.1_410,462,1.13,0,0,o
lcl|NC_007205.1_prot_WP_006997492.1_411,171,0.16,0.16,0,o
lcl|NC_007205.1_prot_WP_018413748.1_412,67,43.07,38.14,2,i9-28o43-65i
lcl|NC_007205.1_prot_WP_020169009.1_413,218,0.03,0.02,0,o
lcl|NC_007205.1_prot_WP_006997489.1_414,188,0,0,0,o
lcl|NC_007205.1_prot_WP_006997488.1_415,177,14.89,0,1,i75-94o
lcl|NC_007205.1_prot_WP_011281695.1_416,166,86.06,37.48,4,i13-35o45-63i70-92o138-160i
lcl|NC_007205.1_prot_WP_006997486.1_417,198,94.47,12.17,4,i55-77o107-129i134-156o178-197i
lcl|NC_007205.1_prot_WP_041185772.1_418,568,0.01,0,0,o
lcl|NC_007205.1_prot_WP_041185773.1_419,304,0,0,0,o
lcl|NC_007205.1_prot_WP_006997482.1_420,108,0,0,0,i
lcl|NC_007205.1_prot_WP_011281698.1_421,141,0,0,0,o
lcl|NC_007205.1_prot_WP_041185774.1_422,828,3.32,3.31,0,o
lcl|NC_007205.1_prot_WP_011281700.1_423,173,17.56,17.48,1,i13-30o
lcl|NC_007205.1_prot_WP_011281701.1_424,395,0.86,0,0,o
lcl|NC_007205.1_prot_WP_011281702.1_425,1012,0.07,0,0,o
lcl|NC_007205.1_prot_WP_011281703.1_426,423,8.7,0,0,o
lcl|NC_007205.1_prot_WP_011281704.1_427,295,206.19,38.99,10,i5-23o38-55i71-93o98-120i127-149o153-175i180-202o217-236i243-265o270-292i
lcl|NC_007205.1_prot_WP_011281705.1_428,256,154.27,34.28,8,i5-27o42-61i74-92o107-121i141-163o178-195i202-224o234-255i
lcl|NC_007205.1_prot_WP_011281706.1_429,479,0.07,0,0,o
lcl|NC_007205.1_prot_WP_011281707.1_430,1501,0.65,0,0,o
lcl|NC_007205.1_prot_WP_011281708.1_431,291,0,0,0,o
lcl|NC_007205.1_prot_WP_011281709.1_432,217,0.77,0,0,o
lcl|NC_007205.1_prot_WP_011281710.1_433,384,29.81,0.06,1,i69-91o
lcl|NC_007205.1_prot_WP_011281711.1_434,638,0.02,0,0,o
lcl|NC_007205.1_prot_WP_006997463.1_435,181,0,0,0,o
lcl|NC_007205.1_prot_WP_006997462.1_436,68,0,0,0,o
lcl|NC_007205.1_prot_WP_006997461.1_437,118,0,0,0,i
lcl|NC_007205.1_prot_WP_006997460.1_438,355,0,0,0,o
lcl|NC_007205.1_prot_WP_011281712.1_439,802,0.01,0,0,o
lcl|NC_007205.1_prot_WP_011281713.1_440,602,0.08,0,0,o
lcl|NC_007205.1_prot_WP_011281714.1_441,256,1.71,0.15,0,o
lcl|NC_007205.1_prot_WP_011281715.1_442,685,0.01,0,0,o
lcl|NC_007205.1_prot_WP_011281716.1_443,426,112.93,37.37,5,o20-39i46-65o85-107i120-139o154-176i
lcl|NC_007205.1_prot_WP_011281717.1_444,602,0,0,0,o
lcl|NC_007205.1_prot_WP_011281718.1_445,324,0.05,0,0,o
lcl|NC_007205.1_prot_WP_006997453.1_446,175,0,0,0,i
lcl|NC_007205.1_prot_WP_011281719.1_447,95,0,0,0,o
lcl|NC_007205.1_prot_WP_011281720.1_448,368,0.53,0,0,o
lcl|NC_007205.1_prot_WP_011281721.1_449,170,1.19,1.18,0,o
lcl|NC_007205.1_prot_WP_041185776.1_450,586,13.39,13.39,1,i7-24o
lcl|NC_007205.1_prot_WP_011281724.1_451,172,8.25,8.18,0,o
lcl|NC_007205.1_prot_WP_011281725.1_452,310,0.33,0.31,0,o
lcl|NC_007205.1_prot_WP_011281726.1_453,246,0.01,0.01,0,o
lcl|NC_007205.1_prot_WP_006997444.1_454,159,0,0,0,i
lcl|NC_007205.1_prot_WP_011281727.1_455,309,0.1,0,0,o
lcl|NC_007205.1_prot_WP_011281728.1_456,64,0,0,0,i
lcl|NC_007205.1_prot_WP_011281729.1_457,384,0.05,0.04,0,o
lcl|NC_007205.1_prot_WP_006997441.1_458,275,0.13,0,0,o
lcl|NC_007205.1_prot_WP_011281730.1_459,223,0,0,0,o
lcl|NC_007205.1_prot_WP_011281731.1_460,288,0,0,0,o
lcl|NC_007205.1_prot_WP_011281732.1_461,558,123.74,19.27,6,i7-24o326-348i355-377o420-442i480-497o512-534i
lcl|NC_007205.1_prot_WP_006997437.1_462,83,1.42,1.42,0,o
lcl|NC_007205.1_prot_WP_011281733.1_463,114,4.34,0,0,o
lcl|NC_007205.1_prot_WP_006997435.1_464,54,0,0,0,i
lcl|NC_007205.1_prot_WP_011281734.1_465,239,136.36,24.26,6,i9-28o56-78i91-113o144-166i171-193o215-237i
lcl|NC_007205.1_prot_WP_006997433.1_466,65,0,0,0,i
lcl|NC_007205.1_prot_WP_006997431.1_467,185,0.07,0,0,o
lcl|NC_007205.1_prot_WP_011281735.1_468,417,1.73,0.01,0,o
lcl|NC_007205.1_prot_WP_011281736.1_469,131,0.16,0,0,o
lcl|NC_007205.1_prot_WP_011281737.1_470,428,0.47,0,0,o
lcl|NC_007205.1_prot_WP_006997427.1_471,71,0,0,0,o
lcl|NC_007205.1_prot_WP_006997426.1_472,70,0,0,0,i
lcl|NC_007205.1_prot_WP_011281738.1_473,465,0.01,0.01,0,o
lcl|NC_007205.1_prot_WP_011281739.1_474,350,0,0,0,o
lcl|NC_007205.1_prot_WP_011281740.1_475,229,0.02,0,0,o
lcl|NC_007205.1_prot_WP_011281741.1_476,365,20.49,20.08,1,i5-22o
lcl|NC_007205.1_prot_WP_041185804.1_477,229,0.01,0,0,o
lcl|NC_007205.1_prot_WP_011281743.1_478,475,0.02,0.02,0,o
lcl|NC_007205.1_prot_WP_011281744.1_479,105,0.02,0,0,o
lcl|NC_007205.1_prot_WP_011281745.1_480,422,0.03,0.02,0,o
lcl|NC_007205.1_prot_WP_011281746.1_481,309,0.75,0,0,o
lcl|NC_007205.1_prot_WP_011281747.1_482,265,0.02,0,0,o
lcl|NC_007205.1_prot_WP_006997415.1_483,410,0.07,0,0,o
lcl|NC_007205.1_prot_WP_006997414.1_484,209,0,0,0,o
lcl|NC_007205.1_prot_WP_011281748.1_485,230,0.01,0,0,o
lcl|NC_007205.1_prot_WP_006997412.1_486,96,0,0,0,o
lcl|NC_007205.1_prot_WP_006997411.1_487,576,0,0,0,o
lcl|NC_007205.1_prot_WP_006997410.1_488,217,0.05,0.05,0,o
lcl|NC_007205.1_prot_WP_011281749.1_489,442,0.62,0.03,0,o
lcl|NC_007205.1_prot_WP_011281750.1_490,258,0.64,0.42,0,o
lcl|NC_007205.1_prot_WP_011281751.1_491,194,19.79,19.75,1,i7-24o
lcl|NC_007205.1_prot_WP_011281752.1_492,323,0.28,0.15,0,o
lcl|NC_007205.1_prot_WP_011281753.1_493,203,0,0,0,o
lcl|NC_007205.1_prot_WP_011281754.1_494,322,0.43,0,0,o
lcl|NC_007205.1_prot_WP_006997403.1_495,166,0.04,0.04,0,o
lcl|NC_007205.1_prot_WP_041185777.1_496,270,147.85,21.14,7,o42-61i68-90o105-127i132-151o156-178i185-205o240-262i
lcl|NC_007205.1_prot_WP_011281756.1_497,388,0.23,0.02,0,o
lcl|NC_007205.1_prot_WP_011281757.1_498,309,0.06,0,0,o
lcl|NC_007205.1_prot_WP_034391655.1_499,189,21.26,21.24,1,i19-41o
lcl|NC_007205.1_prot_WP_011281759.1_500,246,0.01,0.01,0,o
lcl|NC_007205.1_prot_WP_011281760.1_501,276,0.07,0,0,o
lcl|NC_007205.1_prot_WP_011281761.1_502,557,0.01,0.01,0,o
lcl|NC_007205.1_prot_WP_006997395.1_503,105,0,0,0,o
lcl|NC_007205.1_prot_WP_006997394.1_504,203,0,0,0,o
lcl|NC_007205.1_prot_WP_011281762.1_505,731,0,0,0,o
lcl|NC_007205.1_prot_WP_011281763.1_506,368,20.72,0,1,o349-366i
lcl|NC_007205.1_prot_WP_011281764.1_507,854,0,0,0,o
lcl|NC_007205.1_prot_WP_011281765.1_508,433,0.28,0,0,o
lcl|NC_007205.1_prot_WP_011281766.1_509,143,0.01,0.01,0,o
lcl|NC_007205.1_prot_WP_011281767.1_510,240,1.65,0,0,o
lcl|NC_007205.1_prot_WP_006997387.1_511,403,1.38,0.03,0,o
lcl|NC_007205.1_prot_WP_011281768.1_512,366,0.02,0,0,o
lcl|NC_007205.1_prot_WP_011281769.1_513,357,0,0,0,o
lcl|NC_007205.1_prot_WP_011281770.1_514,280,0.02,0,0,o
lcl|NC_007205.1_prot_WP_011281771.1_515,158,0,0,0,o
lcl|NC_007205.1_prot_WP_011281772.1_516,432,11.52,11.47,0,o
lcl|NC_007205.1_prot_WP_011281773.1_517,177,0.04,0,0,i
lcl|NC_007205.1_prot_WP_006997380.1_518,148,0,0,0,o
lcl|NC_007205.1_prot_WP_006997379.1_519,284,7.14,0.18,0,o
lcl|NC_007205.1_prot_WP_006997378.1_520,287,0.34,0.34,0,o
lcl|NC_007205.1_prot_WP_011281774.1_521,578,0.63,0.12,0,o
lcl|NC_007205.1_prot_WP_006997376.1_522,219,0.01,0,0,o
lcl|NC_007205.1_prot_WP_006997375.1_523,346,4.63,0.01,0,o
lcl|NC_007205.1_prot_WP_011281775.1_524,393,3.43,0,0,o
lcl|NC_007205.1_prot_WP_006997373.1_525,259,5.22,4.17,0,o
lcl|NC_007205.1_prot_WP_006997372.1_526,454,21.34,0,1,i170-187o
lcl|NC_007205.1_prot_WP_006997371.1_527,257,1.51,1.22,0,o
lcl|NC_007205.1_prot_WP_006997370.1_528,449,45.06,17.7,2,i21-38o242-264i
lcl|NC_007205.1_prot_WP_011281776.1_529,484,16.77,0,1,o429-451i
lcl|NC_007205.1_prot_WP_006997368.1_530,309,1.65,0.4,0,o
lcl|NC_007205.1_prot_WP_006997367.1_531,263,12.61,6.24,0,o
lcl|NC_007205.1_prot_WP_011281777.1_532,312,0.17,0.16,0,o
lcl|NC_007205.1_prot_WP_006997365.1_533,502,0.07,0.01,0,o
lcl|NC_007205.1_prot_WP_006997364.1_534,240,39.5,0,2,i130-152o212-229i
lcl|NC_007205.1_prot_WP_006997363.1_535,345,11,11,0,o
lcl|NC_007205.1_prot_WP_011281779.1_536,562,197.05,21.7,9,i9-31o71-88i95-117o189-220i233-252o272-289i302-324o334-351i358-377o
lcl|NC_007205.1_prot_WP_006997361.1_537,151,61.33,46.99,3,i7-26o30-48i53-75o
lcl|NC_007205.1_prot_WP_006997360.1_538,153,79.37,44.29,4,o4-21i28-50o54-76i128-145o
lcl|NC_007205.1_prot_WP_006997359.1_539,188,0.05,0.02,0,o
lcl|NC_007205.1_prot_WP_006997358.1_540,163,0.01,0.01,0,o
lcl|NC_007205.1_prot_WP_006997357.1_541,355,3.29,3.15,0,o
lcl|NC_007205.1_prot_WP_011281781.1_542,449,203.91,22.57,10,i7-29o78-97i117-136o146-164i171-188o194-216i221-243o362-384i396-413o418-437i
lcl|NC_007205.1_prot_WP_006997355.1_543,457,217.7,35.64,10,i19-38o43-65i85-107o129-151i188-207o249-271i304-326o346-368i375-394o400-419i
lcl|NC_007205.1_prot_WP_006997354.1_544,385,0,0,0,o
lcl|NC_007205.1_prot_WP_006997353.1_545,357,3.6,0.01,0,o
lcl|NC_007205.1_prot_WP_006997352.1_546,277,4.96,0,0,o
lcl|NC_007205.1_prot_WP_011281784.1_547,375,16.96,1.16,0,o
lcl|NC_007205.1_prot_WP_006997350.1_548,577,0.12,0.01,0,o
lcl|NC_007205.1_prot_WP_006997349.1_549,203,0.04,0,0,o
lcl|NC_007205.1_prot_WP_006997348.1_550,377,36.49,0.01,0,o
lcl|NC_007205.1_prot_WP_006997347.1_551,382,64.54,20.25,3,i5-24o94-116i137-159o
lcl|NC_007205.1_prot_WP_006997346.1_552,233,0.53,0,0,o
lcl|NC_007205.1_prot_WP_006997345.1_553,356,0,0,0,o
lcl|NC_007205.1_prot_WP_006997344.1_554,234,3.28,3.24,0,o
lcl|NC_007205.1_prot_WP_006997343.1_555,246,0.04,0.03,0,o
lcl|NC_007205.1_prot_WP_006997342.1_556,255,0.05,0,0,o
lcl|NC_007205.1_prot_WP_006997340.1_557,62,0.03,0.03,0,i
lcl|NC_007205.1_prot_WP_006997339.1_558,121,0,0,0,o
lcl|NC_007205.1_prot_WP_006997338.1_559,437,231.12,34.61,10,o10-43i56-76o86-103i110-132o152-174i181-203o223-245i346-368o383-400i407-425o
lcl|NC_007205.1_prot_WP_006997337.1_560,333,213.74,36.8,11,o5-24i45-64o68-87i100-119o129-151i158-180o185-204i209-228o243-260i289-306o310-327i
lcl|NC_007205.1_prot_WP_006997336.1_561,441,0.47,0.43,0,o
lcl|NC_007205.1_prot_WP_006997335.1_562,318,3.06,3.03,0,o
lcl|NC_007205.1_prot_WP_006997334.1_563,347,0.02,0.01,0,o
lcl|NC_007205.1_prot_WP_011281787.1_564,312,0.49,0.05,0,o
lcl|NC_007205.1_prot_WP_006997332.1_565,292,9.09,9.05,0,o
lcl|NC_007205.1_prot_WP_006997331.1_566,41,0,0,0,i
lcl|NC_007205.1_prot_WP_006997330.1_567,362,12.53,0.01,0,o
lcl|NC_007205.1_prot_WP_006997329.1_568,102,65.18,42.96,3,o5-27i34-56o66-88i
lcl|NC_007205.1_prot_WP_011281788.1_569,464,179.53,42.68,8,i7-25o35-52i59-78o88-110i127-149o164-186i191-213o228-250i
lcl|NC_007205.1_prot_WP_011281789.1_570,232,0,0,0,o
lcl|NC_007205.1_prot_WP_006997326.1_571,64,0,0,0,i
lcl|NC_007205.1_prot_WP_011281790.1_572,195,0.01,0.01,0,o
lcl|NC_007205.1_prot_WP_006997324.1_573,76,0,0,0,i
lcl|NC_007205.1_prot_WP_011281791.1_574,246,0.04,0,0,o
lcl|NC_007205.1_prot_WP_006997322.1_575,186,0,0,0,o
lcl|NC_007205.1_prot_WP_011281792.1_576,207,1.27,0,0,i
lcl|NC_007205.1_prot_WP_011281793.1_577,336,0,0,0,o
lcl|NC_007205.1_prot_WP_011281794.1_578,392,0.13,0,0,o
lcl|NC_007205.1_prot_WP_011281795.1_579,335,0.01,0,0,o
lcl|NC_007205.1_prot_WP_011281796.1_580,652,2.01,0.24,0,o
lcl|NC_007205.1_prot_WP_006997316.1_581,107,0,0,0,i
lcl|NC_007205.1_prot_WP_006997315.1_582,148,0,0,0,o
lcl|NC_007205.1_prot_WP_006997314.1_583,182,0.02,0.02,0,o
lcl|NC_007205.1_prot_WP_011281797.1_584,268,0.02,0.01,0,o
lcl|NC_007205.1_prot_WP_011281798.1_585,241,0,0,0,o
lcl|NC_007205.1_prot_WP_011281799.1_586,164,1.25,0,0,o
lcl|NC_007205.1_prot_WP_011281800.1_587,224,68.18,21.93,3,o28-50i135-157o177-199i
lcl|NC_007205.1_prot_WP_006997309.1_588,138,26.51,22.28,1,i21-43o
lcl|NC_007205.1_prot_WP_006997308.1_589,269,22.52,22.52,1,i5-27o
lcl|NC_007205.1_prot_WP_006997307.1_590,446,11.08,11.08,0,o
lcl|NC_007205.1_prot_WP_006997306.1_591,180,10.65,10.64,0,o
lcl|NC_007205.1_prot_WP_011281802.1_592,324,16.63,16.63,1,i7-24o
lcl|NC_007205.1_prot_WP_041185778.1_593,351,0.05,0.04,0,o
lcl|NC_007205.1_prot_WP_011281804.1_594,628,40.07,17.9,2,o4-21i100-122o
lcl|NC_007205.1_prot_WP_011281805.1_595,350,10.28,0,0,o
lcl|NC_007205.1_prot_WP_011281806.1_596,443,1.39,0.22,0,o
lcl|NC_007205.1_prot_WP_006997300.1_597,270,0.49,0.38,0,o
lcl|NC_007205.1_prot_WP_011281807.1_598,430,0.01,0,0,o
lcl|NC_007205.1_prot_WP_041185779.1_599,297,0.01,0,0,o
lcl|NC_007205.1_prot_WP_011281809.1_600,326,0,0,0,o
lcl|NC_007205.1_prot_WP_011281810.1_601,310,0.29,0.22,0,o
lcl|NC_007205.1_prot_WP_006997295.1_602,81,0,0,0,o
lcl|NC_007205.1_prot_WP_011281811.1_603,290,3.77,0.44,0,o
lcl|NC_007205.1_prot_WP_011281812.1_604,637,1.26,0.45,0,o
lcl|NC_007205.1_prot_WP_006997292.1_605,360,0.08,0,0,o
lcl|NC_007205.1_prot_WP_006997291.1_606,208,0,0,0,o
lcl|NC_007205.1_prot_WP_006997290.1_607,337,0.06,0,0,o
lcl|NC_007205.1_prot_WP_006997289.1_608,268,3.66,0.01,0,o
lcl|NC_007205.1_prot_WP_006997288.1_609,294,0,0,0,o
lcl|NC_007205.1_prot_WP_006997287.1_610,689,0,0,0,o
lcl|NC_007205.1_prot_WP_011281813.1_611,887,0.01,0,0,o
lcl|NC_007205.1_prot_WP_011281814.1_612,277,0.01,0,0,o
lcl|NC_007205.1_prot_WP_011281815.1_613,329,0.02,0,0,o
lcl|NC_007205.1_prot_WP_011281816.1_614,295,0.15,0.14,0,o
lcl|NC_007205.1_prot_WP_011281817.1_615,434,0,0,0,o
lcl|NC_007205.1_prot_WP_006997281.1_616,110,85.59,44.2,4,i5-22o32-51i58-80o85-107i
lcl|NC_007205.1_prot_WP_011281818.1_617,631,12.09,0,0,o
lcl|NC_007205.1_prot_WP_011281819.1_618,255,172.96,43.85,8,i7-29o33-55i62-84o99-121i128-145o150-172i192-214o224-246i
lcl|NC_007205.1_prot_WP_011281820.1_619,106,0,0,0,o
lcl|NC_007205.1_prot_WP_011281821.1_620,338,1.94,1.7,0,o
lcl|NC_007205.1_prot_WP_011281822.1_621,208,0.17,0,0,o
lcl|NC_007205.1_prot_WP_011281823.1_622,257,0.01,0.01,0,o
lcl|NC_007205.1_prot_WP_011281824.1_623,180,0,0,0,o
lcl|NC_007205.1_prot_WP_049752872.1_624,452,193.05,20.29,9,i20-42o87-105i163-181o185-202i214-231o260-282i295-317o321-343i350-372o
lcl|NC_007205.1_prot_WP_011281826.1_625,290,53.72,0,2,o219-241i246-268o
lcl|NC_007205.1_prot_WP_011281827.1_626,426,0.04,0,0,o
lcl|NC_007205.1_prot_WP_006997268.1_627,131,0.02,0,0,o
lcl|NC_007205.1_prot_WP_011281828.1_628,189,0.19,0.19,0,o
lcl|NC_007205.1_prot_WP_011281829.1_629,120,0,0,0,o
lcl|NC_007205.1_prot_WP_027306694.1_630,308,8.4,1.38,0,o
lcl|NC_007205.1_prot_WP_011281831.1_631,432,3.32,3.29,0,o
lcl|NC_007205.1_prot_WP_011281832.1_632,383,0.34,0.04,0,o
lcl|NC_007205.1_prot_WP_011281833.1_633,371,18.28,18.26,1,i5-27o
lcl|NC_007205.1_prot_WP_011281834.1_634,889,0.01,0,0,o
lcl|NC_007205.1_prot_WP_006997261.1_635,404,0.01,0,0,o
lcl|NC_007205.1_prot_WP_011281835.1_636,215,29.39,29.38,1,i13-47o
lcl|NC_007205.1_prot_WP_006997259.1_637,267,151.03,24.33,7,i46-65o80-99i106-123o143-165i172-194o204-223i225-244o
lcl|NC_007205.1_prot_WP_011281836.1_638,303,0,0,0,o
lcl|NC_007205.1_prot_WP_006997257.1_639,203,0.09,0.02,0,i
lcl|NC_007205.1_prot_WP_041185780.1_640,360,0.14,0,0,o
lcl|NC_007205.1_prot_WP_006997255.1_641,145,13.81,13.81,1,i7-24o
lcl|NC_007205.1_prot_WP_011281838.1_642,521,2.11,0.03,0,o
lcl|NC_007205.1_prot_WP_011281839.1_643,139,0,0,0,o
lcl|NC_007205.1_prot_WP_011281840.1_644,257,0.04,0.03,0,o
lcl|NC_007205.1_prot_WP_006997251.1_645,204,122.09,43.19,4,o6-28i41-63o137-159i166-188o
lcl|NC_007205.1_prot_WP_011281841.1_646,418,6.76,6.75,0,o
lcl|NC_007205.1_prot_WP_020169177.1_647,288,161.95,29.13,7,i12-34o64-86i95-117o139-161i194-216o226-248i255-277o
lcl|NC_007205.1_prot_WP_011281843.1_648,336,193.25,33.99,8,o20-42i61-83o93-115i122-141o174-193i225-247o257-279i292-314o
lcl|NC_007205.1_prot_WP_011281844.1_649,240,0.03,0.02,0,o
lcl|NC_007205.1_prot_WP_011281845.1_650,235,0.02,0,0,o
lcl|NC_007205.1_prot_WP_011281846.1_651,261,0.03,0,0,o
lcl|NC_007205.1_prot_WP_011281847.1_652,163,1.71,1.71,0,o
lcl|NC_007205.1_prot_WP_011281848.1_653,265,0,0,0,o
lcl|NC_007205.1_prot_WP_011281849.1_654,228,0.68,0,0,o
lcl|NC_007205.1_prot_WP_011281850.1_655,317,0.01,0.01,0,o
lcl|NC_007205.1_prot_WP_011281851.1_656,293,209.9,41.34,10,i7-26o36-58i70-92o96-118i125-142o152-171i178-197o207-229i236-258o262-284i
lcl|NC_007205.1_prot_WP_011281852.1_657,368,0,0,0,o
lcl|NC_007205.1_prot_WP_006997244.1_658,126,0,0,0,o
lcl|NC_007205.1_prot_WP_011281853.1_659,952,14.54,0,1,i75-94o
lcl|NC_007205.1_prot_WP_011281854.1_660,414,1.18,0.82,0,o
lcl|NC_007205.1_prot_WP_011281855.1_661,255,3.94,0.6,0,o
lcl|NC_007205.1_prot_WP_011281856.1_662,392,0.01,0,0,o
lcl|NC_007205.1_prot_WP_011281857.1_663,182,14.24,14.22,0,o
lcl|NC_007205.1_prot_WP_011281858.1_664,253,4.2,0.29,0,o
lcl|NC_007205.1_prot_WP_011281859.1_665,155,107.26,35.25,5,i7-29o49-66i79-98o102-121i128-150o
lcl|NC_007205.1_prot_WP_011281860.1_666,367,8.62,8.6,0,o
lcl|NC_007205.1_prot_WP_011281861.1_667,178,0.03,0,0,o
lcl|NC_007205.1_prot_WP_011281862.1_668,483,0,0,0,o
lcl|NC_007205.1_prot_WP_011281863.1_669,922,0,0,0,o
lcl|NC_007205.1_prot_WP_011281864.1_670,552,1.07,0,0,o
lcl|NC_007205.1_prot_WP_011281865.1_671,280,14.3,0,0,o
lcl|NC_007205.1_prot_WP_011281866.1_672,158,94.73,31.1,5,o10-29i36-54o64-81i86-108o123-145i
lcl|NC_007205.1_prot_WP_006997229.1_673,132,0,0,0,o
lcl|NC_007205.1_prot_WP_011281867.1_674,206,0,0,0,o
lcl|NC_007205.1_prot_WP_011281868.1_675,415,0.51,0.01,0,o
lcl|NC_007205.1_prot_WP_041185781.1_676,301,213.91,41.64,10,i9-31o41-59i72-94o99-121i126-148o153-175i182-201o216-238i243-265o269-291i
lcl|NC_007205.1_prot_WP_006997225.1_677,405,2.14,1.75,0,o
lcl|NC_007205.1_prot_WP_011281870.1_678,370,0,0,0,o
lcl|NC_007205.1_prot_WP_011281871.1_679,350,4.29,0.02,0,o
lcl|NC_007205.1_prot_WP_041185782.1_680,75,0,0,0,i
lcl|NC_007205.1_prot_WP_011281873.1_681,310,2.73,2.72,0,o
lcl|NC_007205.1_prot_WP_011281874.1_682,161,0.04,0,0,o
lcl|NC_007205.1_prot_WP_041185783.1_683,68,0,0,0,o
lcl|NC_007205.1_prot_WP_006997219.1_684,393,5.68,5.47,0,o
lcl|NC_007205.1_prot_WP_011281876.1_685,440,260.02,39.73,12,i7-29o44-66i73-92o97-119i131-150o160-177i204-226o231-253i266-288o298-320i333-355o359-381i
lcl|NC_007205.1_prot_WP_011281877.1_686,286,205.86,39.91,10,i12-30o40-62i69-91o96-118i125-142o147-169i181-203o207-229i234-256o262-281i
lcl|NC_007205.1_prot_WP_006997216.1_687,309,0,0,0,o
lcl|NC_007205.1_prot_WP_011281878.1_688,431,0.86,0,0,o
lcl|NC_007205.1_prot_WP_011281879.1_689,493,0.88,0,0,o
lcl|NC_007205.1_prot_WP_006997213.1_690,181,85.76,41.78,4,o10-27i34-56o71-90i110-132o
lcl|NC_007205.1_prot_WP_011281880.1_691,794,259.7,16.24,12,i9-31o234-253i258-280o284-306i334-356o366-388i416-433o637-656i663-685o689-711i732-754o764-786i
lcl|NC_007205.1_prot_WP_006997211.1_692,472,0.01,0,0,o
lcl|NC_007205.1_prot_WP_006997210.1_693,152,0,0,0,o
lcl|NC_007205.1_prot_WP_026225058.1_694,70,0,0,0,i
lcl|NC_007205.1_prot_WP_006997208.1_695,121,0,0,0,o
lcl|NC_007205.1_prot_WP_011281881.1_696,310,0.01,0,0,o
lcl|NC_007205.1_prot_WP_011281882.1_697,245,0.05,0,0,o
lcl|NC_007205.1_prot_WP_006997205.1_698,79,0,0,0,o
lcl|NC_007205.1_prot_WP_011281883.1_699,210,0.04,0.03,0,o
lcl|NC_007205.1_prot_WP_011281884.1_700,262,0.03,0,0,o
lcl|NC_007205.1_prot_WP_011281885.1_701,320,0.08,0.03,0,o
lcl|NC_007205.1_prot_WP_006997201.1_702,305,1.79,1.78,0,o
lcl|NC_007205.1_prot_WP_006997200.1_703,814,15.96,15.95,1,i5-24o
lcl|NC_007205.1_prot_WP_006997199.1_704,357,135.37,28.3,6,i7-29o59-81i102-124o273-295i304-326o330-352i
lcl|NC_007205.1_prot_WP_011281886.1_705,378,126.09,22.46,6,i13-35o61-79i100-122o289-311i318-337o352-371i
lcl|NC_007205.1_prot_WP_006997197.1_706,485,4.4,0,0,o
lcl|NC_007205.1_prot_WP_006997196.1_707,136,0.1,0.01,0,o
lcl|NC_007205.1_prot_WP_011281887.1_708,192,0.03,0.01,0,o
lcl|NC_007205.1_prot_WP_011281888.1_709,342,0.09,0.01,0,o
lcl|NC_007205.1_prot_WP_011281889.1_710,359,21.1,21.09,1,i13-32o
lcl|NC_007205.1_prot_WP_020169227.1_711,224,0,0,0,o
lcl|NC_007205.1_prot_WP_011281891.1_712,594,0.01,0,0,o
lcl|NC_007205.1_prot_WP_011281892.1_713,273,0.21,0,0,o
lcl|NC_007205.1_prot_WP_011281893.1_714,119,0,0,0,o
lcl|NC_007205.1_prot_WP_011281894.1_715,135,20.39,20.35,1,i13-32o
lcl|NC_007205.1_prot_WP_011281895.1_716,445,0.01,0,0,o
lcl|NC_007205.1_prot_WP_011281896.1_717,141,0,0,0,o
lcl|NC_007205.1_prot_WP_011281897.1_718,149,13.22,0,0,o
lcl|NC_007205.1_prot_WP_011281898.1_719,72,0.01,0.01,0,i
lcl|NC_007205.1_prot_WP_006997183.1_720,257,0.75,0.01,0,o
lcl|NC_007205.1_prot_WP_011281899.1_721,619,0.1,0,0,o
lcl|NC_007205.1_prot_WP_011281900.1_722,777,23,22.96,1,i7-29o
lcl|NC_007205.1_prot_WP_041185784.1_723,337,0,0,0,o
lcl|NC_007205.1_prot_WP_011281902.1_724,730,21.04,21.02,1,i7-26o
lcl|NC_007205.1_prot_WP_011281903.1_725,409,0.03,0.02,0,o
lcl|NC_007205.1_prot_WP_011281904.1_726,375,0.06,0,0,o
lcl|NC_007205.1_prot_WP_026225060.1_727,214,0.13,0,0,o
lcl|NC_007205.1_prot_WP_006997175.1_728,141,0.01,0.01,0,o
lcl|NC_007205.1_prot_WP_011281906.1_729,480,0.01,0,0,o
lcl|NC_007205.1_prot_WP_011281907.1_730,244,0.01,0,0,o
lcl|NC_007205.1_prot_WP_011281908.1_731,414,0.01,0,0,o
lcl|NC_007205.1_prot_WP_011281909.1_732,405,0.01,0,0,o
lcl|NC_007205.1_prot_WP_006997170.1_733,156,0.01,0,0,o
lcl|NC_007205.1_prot_WP_011281910.1_734,98,0,0,0,o
lcl|NC_007205.1_prot_WP_011281911.1_735,110,0.03,0.02,0,o
lcl|NC_007205.1_prot_WP_011281912.1_736,468,0.01,0,0,o
lcl|NC_007205.1_prot_WP_011281913.1_737,159,0.07,0.05,0,o
lcl|NC_007205.1_prot_WP_011281914.1_738,295,211.17,42.03,10,i7-29o33-55i68-90o95-117i122-141o151-173i185-202o212-234i241-263o267-286i
lcl|NC_007205.1_prot_WP_011281915.1_739,302,0.01,0.01,0,o
lcl|NC_007205.1_prot_WP_011281916.1_740,196,0.04,0,0,o
lcl|NC_007205.1_prot_WP_011281917.1_741,248,165.53,44.56,8,i5-27o37-59i66-88o93-110i131-153o168-185i197-216o221-240i
lcl|NC_007205.1_prot_WP_011281918.1_742,166,0.02,0,0,o
lcl|NC_007205.1_prot_WP_011281919.1_743,81,0,0,0,i
lcl|NC_007205.1_prot_WP_011281920.1_744,516,0.05,0,0,o
lcl|NC_007205.1_prot_WP_006997157.1_745,115,0,0,0,o
lcl|NC_007205.1_prot_WP_011281921.1_746,189,118.8,36.75,6,i7-26o46-68i73-95o110-129i142-161o165-184i
lcl|NC_007205.1_prot_WP_011281922.1_747,301,17.73,17.35,1,i21-40o
lcl|NC_007205.1_prot_WP_011281923.1_748,147,0.2,0.07,0,o
lcl|NC_007205.1_prot_WP_011281924.1_749,89,0,0,0,o
lcl|NC_007205.1_prot_WP_011281925.1_750,181,0.07,0,0,o
lcl|NC_007205.1_prot_WP_011281926.1_751,330,0,0,0,o
lcl|NC_007205.1_prot_WP_011281927.1_752,277,0,0,0,o
lcl|NC_007205.1_prot_WP_011281928.1_753,108,0.01,0,0,i
lcl|NC_007205.1_prot_WP_011281929.1_754,480,0.35,0,0,o
lcl|NC_007205.1_prot_WP_011281930.1_755,248,0.05,0.02,0,o
lcl|NC_007205.1_prot_WP_011281931.1_756,300,0.26,0,0,o
lcl|NC_007205.1_prot_WP_034391726.1_757,417,1.43,1.43,0,o
lcl|NC_007205.1_prot_WP_006997145.1_758,290,136.53,22.91,6,i12-34o69-91i104-123o154-176i197-219o258-280i
lcl|NC_007205.1_prot_WP_006997144.1_759,300,149.74,22.79,6,i21-43o92-114i127-149o164-185i205-227o268-290i
lcl|NC_007205.1_prot_WP_006997143.1_760,366,0.03,0.02,0,o
lcl|NC_007205.1_prot_WP_006997142.1_761,253,5.39,0.77,0,o
lcl|NC_007205.1_prot_WP_011281932.1_762,591,9.32,0,0,o
lcl|NC_007205.1_prot_WP_011281933.1_763,247,0.09,0.04,0,o
lcl|NC_007205.1_prot_WP_006997139.1_764,280,3.57,0,0,o
lcl|NC_007205.1_prot_WP_011281934.1_765,293,0.06,0.04,0,o
lcl|NC_007205.1_prot_WP_011281935.1_766,289,1.01,0.93,0,o
lcl|NC_007205.1_prot_WP_011281936.1_767,281,10.27,0,0,o
lcl|NC_007205.1_prot_WP_011281937.1_768,895,0.1,0,0,o
lcl|NC_007205.1_prot_WP_011281938.1_769,235,137.53,36.75,6,o4-26i47-69o79-101i121-143o158-180i200-222o
lcl|NC_007205.1_prot_WP_011281939.1_770,193,0.01,0,0,o
lcl|NC_007205.1_prot_WP_011281940.1_771,268,1.34,0.04,0,o
lcl|NC_007205.1_prot_WP_011281941.1_772,186,0.01,0,0,o
lcl|NC_007205.1_prot_WP_011281942.1_773,114,0,0,0,o
lcl|NC_007205.1_prot_WP_006997130.1_774,110,84.53,43.32,4,i7-24o29-51i58-80o85-107i
lcl|NC_007205.1_prot_WP_011281943.1_775,111,83.05,44.49,4,i7-24o29-51i56-78o88-105i
lcl|NC_007205.1_prot_WP_011281944.1_776,69,21.96,17.53,1,i46-68o
lcl|NC_007205.1_prot_WP_011281945.1_777,334,0.25,0,0,o
lcl|NC_007205.1_prot_WP_011281946.1_778,192,6.52,5.44,0,o
lcl|NC_007205.1_prot_WP_011281947.1_779,136,0,0,0,o
lcl|NC_007205.1_prot_WP_011281948.1_780,156,0.81,0.49,0,o
lcl|NC_007205.1_prot_WP_011281949.1_781,291,1.46,1.46,0,o
lcl|NC_007205.1_prot_WP_011281950.1_782,239,8.7,7.25,0,o
lcl|NC_007205.1_prot_WP_011281951.1_783,317,0.76,0.76,0,o
lcl|NC_007205.1_prot_WP_011281952.1_784,493,0.8,0,0,o
lcl|NC_007205.1_prot_WP_006997122.1_785,320,3.77,3.76,0,o
lcl|NC_007205.1_prot_WP_011281953.1_786,349,0,0,0,o
lcl|NC_007205.1_prot_WP_011281954.1_787,501,232.43,19.33,11,i40-57o61-83i147-169o195-217i238-260o270-292i297-314o319-341i362-384o435-457i469-491o
lcl|NC_007205.1_prot_WP_006997119.1_788,201,128.18,45.68,6,o4-26i35-57o67-86i109-131o146-168i181-200o
lcl|NC_007205.1_prot_WP_011281955.1_789,428,0.09,0,0,o
lcl|NC_007205.1_prot_WP_020169284.1_790,303,17.59,0.09,1,o259-281i
lcl|NC_007205.1_prot_WP_011281957.1_791,380,1.62,0,0,o
lcl|NC_007205.1_prot_WP_011281958.1_792,336,0.67,0.03,0,o
lcl|NC_007205.1_prot_WP_011281959.1_793,637,131.13,36.89,6,o4-21i42-61o448-470i509-531o570-592i604-623o
lcl|NC_007205.1_prot_WP_011281960.1_794,265,0.08,0.08,0,o
lcl|NC_007205.1_prot_WP_011281961.1_795,313,12.46,12.38,0,o
lcl|NC_007205.1_prot_WP_011281962.1_796,448,1.5,0,0,o
lcl|NC_007205.1_prot_WP_011281963.1_797,370,0.98,0,0,o
lcl|NC_007205.1_prot_WP_011281964.1_798,171,0,0,0,o
lcl|NC_007205.1_prot_WP_011281965.1_799,482,284.39,35.52,13,o10-32i45-67o77-99i127-149o159-181i188-207o227-249i270-292o317-339i359-378o382-404i416-433o453-475i
lcl|NC_007205.1_prot_WP_006997106.1_800,311,0.07,0.06,0,o
lcl|NC_007205.1_prot_WP_006997105.1_801,255,136.77,23.35,6,i27-49o62-84i105-127o140-162i169-188o225-247i
lcl|NC_007205.1_prot_WP_018414011.1_802,134,0.86,0.86,0,o
lcl|NC_007205.1_prot_WP_011281967.1_803,377,87.77,22.2,4,o5-27i106-128o292-314i343-360o
lcl|NC_007205.1_prot_WP_006997102.1_804,91,0,0,0,o
lcl|NC_007205.1_prot_WP_011281968.1_805,433,261.66,42.75,12,i7-26o36-58i79-101o128-145i152-174o194-216i228-250o265-287i299-318o322-344i351-373o377-399i
lcl|NC_007205.1_prot_WP_011281969.1_806,155,0.01,0,0,o
lcl|NC_007205.1_prot_WP_011281970.1_807,339,0.04,0,0,o
lcl|NC_007205.1_prot_WP_011281971.1_808,127,0.01,0,0,o
lcl|NC_007205.1_prot_WP_011281972.1_809,194,0.12,0.11,0,o
lcl|NC_007205.1_prot_WP_011281973.1_810,157,87.59,41.31,4,o10-32i41-63o92-111i123-145o
lcl|NC_007205.1_prot_WP_011281974.1_811,184,0,0,0,i
lcl|NC_007205.1_prot_WP_011281975.1_812,256,0.02,0,0,o
lcl|NC_007205.1_prot_WP_006997090.1_813,371,0.11,0.11,0,o
lcl|NC_007205.1_prot_WP_011281977.1_814,391,3.1,0,0,o
lcl|NC_007205.1_prot_WP_011281978.1_815,406,260.28,32.15,12,i12-34o54-73i86-108o112-134i141-163o173-191i221-243o256-278i285-307o312-334i341-363o378-395i
lcl|NC_007205.1_prot_WP_011281979.1_816,387,0.08,0,0,o
lcl|NC_007205.1_prot_WP_011281980.1_817,185,0,0,0,o
lcl|NC_007205.1_prot_WP_041185785.1_818,256,1.3,1.28,0,o
lcl|NC_007205.1_prot_WP_011281982.1_819,144,0.07,0,0,o
lcl|NC_007205.1_prot_WP_011281983.1_820,264,108.69,22.06,5,o15-37i92-114o124-146i167-186o191-213i
lcl|NC_007205.1_prot_WP_011281984.1_821,156,0,0,0,o
lcl|NC_007205.1_prot_WP_006997080.1_822,619,2.2,2.04,0,o
lcl|NC_007205.1_prot_WP_011281985.1_823,116,0,0,0,o
lcl|NC_007205.1_prot_WP_011281987.1_824,360,191.16,37.51,8,i17-39o82-104i113-131o178-200i213-235o240-259i271-293o322-344i
lcl|NC_007205.1_prot_WP_011281988.1_825,357,211.51,39.55,9,i7-26o41-59i71-88o93-115i128-150o160-182i230-247o257-279i331-353o
lcl|NC_007205.1_prot_WP_006997075.1_826,388,0.01,0,0,o
lcl|NC_007205.1_prot_WP_006997074.1_827,94,0,0,0,o
lcl|NC_007205.1_prot_WP_006997073.1_828,594,2.07,1.8,0,o
lcl|NC_007205.1_prot_WP_011281989.1_829,533,1.78,0.59,0,o
lcl|NC_007205.1_prot_WP_006997071.1_830,249,0.06,0.05,0,o
lcl|NC_007205.1_prot_WP_011281990.1_831,434,0.05,0,0,o
lcl|NC_007205.1_prot_WP_041185807.1_832,845,234.9,19.87,11,i29-48o268-290i310-332o337-359i364-383o408-425i432-454o481-503i720-742o774-796i809-831o
lcl|NC_007205.1_prot_WP_011281992.1_833,221,0.19,0,0,o
lcl|NC_007205.1_prot_WP_011281993.1_834,204,14.02,13.67,1,i5-27o
lcl|NC_007205.1_prot_WP_011281994.1_835,430,3.09,3.08,0,o
lcl|NC_007205.1_prot_WP_011281995.1_836,383,3.18,1.24,0,o
lcl|NC_007205.1_prot_WP_011281996.1_837,258,4.75,0.04,0,o
lcl|NC_007205.1_prot_WP_011281997.1_838,266,14.09,14.07,1,i5-24o
lcl|NC_007205.1_prot_WP_006997062.1_839,252,6,2.48,0,o
lcl|NC_007205.1_prot_WP_011281998.1_840,196,125.46,36.35,6,o13-35i47-69o73-95i115-137o142-164i171-190o
lcl|NC_007205.1_prot_WP_006997060.1_841,531,0.07,0.04,0,o
lcl|NC_007205.1_prot_WP_006997059.1_842,248,4.56,4.56,0,o
lcl|NC_007205.1_prot_WP_006997058.1_843,138,0.2,0,0,i
lcl|NC_007205.1_prot_WP_006997057.1_844,258,0.14,0.03,0,o
lcl|NC_007205.1_prot_WP_006997056.1_845,506,0.41,0,0,o
lcl|NC_007205.1_prot_WP_006997055.1_846,308,0.06,0,0,o
lcl|NC_007205.1_prot_WP_006997054.1_847,363,22.19,18.05,1,i7-26o
lcl|NC_007205.1_prot_WP_006997053.1_848,219,86.01,6.76,4,i56-78o88-110i130-149o192-214i
lcl|NC_007205.1_prot_WP_006997052.1_849,441,269.45,40.58,12,i7-25o29-51i64-86o101-123i144-166o181-203i224-246o256-275i288-307o327-361i368-390o414-436i
lcl|NC_007205.1_prot_WP_041185786.1_850,296,213.87,40.88,10,i7-29o39-57i69-91o96-118i125-147o151-170i183-205o220-242i247-269o274-293i
lcl|NC_007205.1_prot_WP_011282000.1_851,485,266.19,26.05,12,i31-53o58-80i113-135o150-172i185-207o231-253i273-295o319-341i362-384o389-411i438-456o466-483i
lcl|NC_007205.1_prot_WP_011282001.1_852,248,0.03,0.02,0,o
lcl|NC_007205.1_prot_WP_041185787.1_853,213,4.82,4.82,0,o
lcl|NC_007205.1_prot_WP_011282004.1_854,141,0.01,0.01,0,o
lcl|NC_007205.1_prot_WP_011282005.1_855,224,0.61,0.48,0,o
lcl|NC_007205.1_prot_WP_011282006.1_856,183,0.01,0.01,0,o
lcl|NC_007205.1_prot_WP_011282009.1_857,83,0,0,0,o
lcl|NC_007205.1_prot_WP_011282010.1_858,477,0,0,0,o
lcl|NC_007205.1_prot_WP_006997039.1_859,203,4.05,2.07,0,o
lcl|NC_007205.1_prot_WP_011282011.1_860,422,0.23,0,0,o
lcl|NC_007205.1_prot_WP_011282012.1_861,794,0.03,0.02,0,o
lcl|NC_007205.1_prot_WP_006997036.1_862,122,67.72,22.82,3,o10-32i64-86o90-112i
lcl|NC_007205.1_prot_WP_006997035.1_863,173,2.57,1.8,0,o
lcl|NC_007205.1_prot_WP_006997034.1_864,202,0.02,0,0,o
lcl|NC_007205.1_prot_WP_011282013.1_865,391,0.18,0,0,o
lcl|NC_007205.1_prot_WP_011282014.1_866,202,0.12,0,0,o
lcl|NC_007205.1_prot_WP_011282015.1_867,443,0.49,0,0,o
lcl|NC_007205.1_prot_WP_011282016.1_868,679,0,0,0,o
lcl|NC_007205.1_prot_WP_011282017.1_869,332,178.38,22.78,8,i12-31o77-99i111-133o148-170i182-201o238-260i265-287o307-329i
lcl|NC_007205.1_prot_WP_006997028.1_870,161,0.88,0.88,0,o
lcl|NC_007205.1_prot_WP_006997027.1_871,210,107.32,46.96,5,o5-22i29-51o55-77i98-117o150-172i
lcl|NC_007205.1_prot_WP_026225064.1_872,102,67.18,44.32,3,o4-26i31-53o63-85i
lcl|NC_007205.1_prot_WP_011282018.1_873,637,341.16,42.17,16,o4-23i30-52o81-103i112-129o133-155i168-190o210-232i253-272o282-304i311-330o334-356i376-398o418-440i460-482o513-535i614-636o
lcl|NC_007205.1_prot_WP_011282019.1_874,497,298.21,38.66,13,o5-22i34-53o77-99i112-130o134-156i165-187o207-229i241-260o270-292i299-321o326-348i369-391o404-426i
lcl|NC_007205.1_prot_WP_011282020.1_875,471,288.61,41.43,12,o4-26i33-50o70-89i96-118o157-179i200-222o232-254i267-286o318-340i361-383o398-417i438-457o
lcl|NC_007205.1_prot_WP_011282021.1_876,187,0.07,0.02,0,o
lcl|NC_007205.1_prot_WP_006997021.1_877,248,0.72,0,0,o
lcl|NC_007205.1_prot_WP_011282022.1_878,551,0.05,0.05,0,o
lcl|NC_007205.1_prot_WP_011282023.1_879,81,40.7,30.51,2,i5-24o51-69i
lcl|NC_007205.1_prot_WP_011282024.1_880,444,0.05,0.04,0,o
lcl|NC_007205.1_prot_WP_006997017.1_881,410,93.5,23.21,4,i21-43o269-291i314-336o374-396i
lcl|NC_007205.1_prot_WP_011282025.1_882,228,0.03,0.03,0,o
lcl|NC_007205.1_prot_WP_011282026.1_883,1138,0.01,0,0,o
lcl|NC_007205.1_prot_WP_011282027.1_884,273,0.08,0,0,o
lcl|NC_007205.1_prot_WP_006997013.1_885,283,0,0,0,o
lcl|NC_007205.1_prot_WP_011282028.1_886,183,0,0,0,o
lcl|NC_007205.1_prot_WP_011282029.1_887,225,0.01,0,0,o
lcl|NC_007205.1_prot_WP_011282030.1_888,220,135.46,33.55,6,i13-42o62-84i93-115o130-148i155-177o197-219i
lcl|NC_007205.1_prot_WP_011282031.1_889,388,0.1,0.05,0,o
lcl|NC_007205.1_prot_WP_011282032.1_890,745,0.12,0.09,0,o
lcl|NC_007205.1_prot_WP_011282033.1_891,174,12.92,12.92,1,o4-21i
lcl|NC_007205.1_prot_WP_011282034.1_892,146,0.55,0.19,0,o
lcl|NC_007205.1_prot_WP_011282035.1_893,326,0.03,0,0,o
lcl|NC_007205.1_prot_WP_011282036.1_894,260,0.11,0.07,0,o
lcl|NC_007205.1_prot_WP_011282037.1_895,261,0.03,0,0,o
lcl|NC_007205.1_prot_WP_011282038.1_896,378,11.06,0.09,0,o
lcl|NC_007205.1_prot_WP_011282039.1_897,466,0.19,0.17,0,o
lcl|NC_007205.1_prot_WP_006997000.1_898,225,0,0,0,o
lcl|NC_007205.1_prot_WP_011282040.1_899,263,0.01,0,0,o
lcl|NC_007205.1_prot_WP_011282041.1_900,330,0.07,0,0,o
lcl|NC_007205.1_prot_WP_011282042.1_901,191,2.3,0.02,0,o
lcl|NC_007205.1_prot_WP_011282043.1_902,484,0.04,0,0,o
lcl|NC_007205.1_prot_WP_011282044.1_903,473,22.61,22.6,1,i13-35o
lcl|NC_007205.1_prot_WP_006996994.1_904,246,0.5,0.03,0,o
lcl|NC_007205.1_prot_WP_006996993.1_905,99,40.4,30.44,2,i5-22o48-70i
lcl|NC_007205.1_prot_WP_041185788.1_906,638,8.64,8.63,0,o
lcl|NC_007205.1_prot_WP_011282048.1_907,75,0,0,0,i
lcl|NC_007205.1_prot_WP_011282049.1_908,7317,0,0,0,o
lcl|NC_007205.1_prot_WP_011282050.1_909,237,0.02,0.02,0,o
lcl|NC_007205.1_prot_WP_006996984.1_910,444,16.93,0,0,o
lcl|NC_007205.1_prot_WP_011282051.1_911,700,179.8,0.07,9,i108-125o148-165i172-191o206-225i242-264o274-293i346-368o372-394i415-431o
lcl|NC_007205.1_prot_WP_041185789.1_912,206,22.52,22.51,1,o10-32i
lcl|NC_007205.1_prot_WP_011282053.1_913,538,5.16,5.04,0,o
lcl|NC_007205.1_prot_WP_011282054.1_914,274,0.14,0,0,o
lcl|NC_007205.1_prot_WP_011282055.1_915,418,0.02,0,0,o
lcl|NC_007205.1_prot_WP_006996975.1_916,100,18.94,18.94,1,i9-26o
lcl|NC_007205.1_prot_WP_011282056.1_917,308,0,0,0,o
lcl|NC_007205.1_prot_WP_006996973.1_918,145,0,0,0,o
lcl|NC_007205.1_prot_WP_011282057.1_919,163,3.1,3.09,0,o
lcl|NC_007205.1_prot_WP_011282058.1_920,167,82.44,36.22,4,i21-43o47-64i103-120o140-162i
lcl|NC_007205.1_prot_WP_011282059.1_921,371,0,0,0,o
lcl|NC_007205.1_prot_WP_011282060.1_922,593,90.16,39.51,4,o10-29i42-64o84-106i279-301o
lcl|NC_007205.1_prot_WP_011282061.1_923,451,0.01,0,0,o
lcl|NC_007205.1_prot_WP_011282062.1_924,463,0.01,0,0,o
lcl|NC_007205.1_prot_WP_011282063.1_925,469,246.36,42.86,10,i7-29o39-57i70-92o126-148i178-200o232-254i267-286o317-339i378-400o439-461i
lcl|NC_007205.1_prot_WP_011282064.1_926,346,10.49,10.47,0,o
lcl|NC_007205.1_prot_WP_011282065.1_927,381,176.44,19.99,8,i7-24o71-93i114-136o161-183i196-218o243-265i323-345o350-372i
lcl|NC_007205.1_prot_WP_011282066.1_928,426,221.63,32.63,10,i20-42o52-74i94-116o156-175i182-204o219-241i262-284o294-316i337-359o389-411i
lcl|NC_007205.1_prot_WP_006996961.1_929,244,0.03,0,0,o
lcl|NC_007205.1_prot_WP_006996960.1_930,123,0.02,0.01,0,o
lcl|NC_007205.1_prot_WP_006996959.1_931,385,1.06,0.37,0,o
lcl|NC_007205.1_prot_WP_011282067.1_932,875,4.43,0.04,0,o
lcl|NC_007205.1_prot_WP_011282068.1_933,572,0.3,0,0,o
lcl|NC_007205.1_prot_WP_011282069.1_934,400,0,0,0,o
lcl|NC_007205.1_prot_WP_006996955.1_935,73,45.53,35.45,2,i21-43o53-72i
lcl|NC_007205.1_prot_WP_006996954.1_936,120,0,0,0,o
lcl|NC_007205.1_prot_WP_006996953.1_937,132,63.92,29.54,3,o23-45i50-72o87-104i
lcl|NC_007205.1_prot_WP_011282070.1_938,332,0.22,0,0,o
lcl|NC_007205.1_prot_WP_011282071.1_939,258,0,0,0,o
lcl|NC_007205.1_prot_WP_006996950.1_940,105,0.01,0.01,0,o
lcl|NC_007205.1_prot_WP_011282072.1_941,371,0,0,0,o
lcl|NC_007205.1_prot_WP_011282073.1_942,577,0,0,0,o
lcl|NC_007205.1_prot_WP_011282074.1_943,87,20.75,20.75,1,o5-27i
lcl|NC_007205.1_prot_WP_011282075.1_944,316,0.06,0,0,o
lcl|NC_007205.1_prot_WP_011282076.1_945,246,0.03,0.01,0,o
lcl|NC_007205.1_prot_WP_011282077.1_946,233,0.02,0,0,o
lcl|NC_007205.1_prot_WP_006996943.1_947,66,19.16,19.16,1,o5-22i
lcl|NC_007205.1_prot_WP_006996942.1_948,73,18.33,18.33,1,o4-21i
lcl|NC_007205.1_prot_WP_006996941.1_949,254,127.52,21.89,6,i21-43o78-100i112-134o171-193i205-219o223-245i
lcl|NC_007205.1_prot_WP_011282078.1_950,419,0.37,0,0,o
lcl|NC_007205.1_prot_WP_006996939.1_951,94,19.56,19.56,1,o4-23i
lcl|NC_007205.1_prot_WP_011282079.1_952,517,127.79,19.18,6,i7-24o351-373i378-400o405-427i448-470o480-499i
lcl|NC_007205.1_prot_WP_011282080.1_953,295,129.65,22.08,6,i13-35o128-145i152-174o178-200i231-253o258-280i
lcl|NC_007205.1_prot_WP_011282081.1_954,197,102.07,38,4,i12-31o46-65i90-112o127-149i
lcl|NC_007205.1_prot_WP_011282082.1_955,959,0.08,0.01,0,o
lcl|NC_007205.1_prot_WP_011282083.1_956,152,0,0,0,o
lcl|NC_007205.1_prot_WP_011282084.1_957,849,0.47,0.4,0,o
lcl|NC_007205.1_prot_WP_011282085.1_958,164,0.03,0.03,0,o
lcl|NC_007205.1_prot_WP_011282086.1_959,184,1.11,1.11,0,o
lcl|NC_007205.1_prot_WP_011282087.1_960,370,0.04,0,0,o
lcl|NC_007205.1_prot_WP_027306947.1_961,275,13.27,13.25,0,o
lcl|NC_007205.1_prot_WP_011282090.1_962,204,52.73,24.71,2,i20-42o57-79i
lcl|NC_007205.1_prot_WP_011282091.1_963,683,0.3,0.02,0,o
lcl|NC_007205.1_prot_WP_011282092.1_964,88,0,0,0,i
lcl|NC_007205.1_prot_WP_011282093.1_965,293,204.17,43.65,10,i12-34o39-61i73-95o100-122i129-146o150-169i181-200o215-233i240-262o272-286i
lcl|NC_007205.1_prot_WP_011282094.1_966,333,8.57,8.37,0,o
lcl|NC_007205.1_prot_WP_011282095.1_967,252,0.31,0.31,0,o
lcl|NC_007205.1_prot_WP_011282096.1_968,383,0.97,0.94,0,o
lcl|NC_007205.1_prot_WP_011282097.1_969,203,0.01,0,0,o
lcl|NC_007205.1_prot_WP_011282098.1_970,310,0.58,0,0,o
lcl|NC_007205.1_prot_WP_011282099.1_971,513,0.1,0.06,0,o
lcl|NC_007205.1_prot_WP_011282100.1_972,254,0.09,0,0,o
lcl|NC_007205.1_prot_WP_011282101.1_973,259,0,0,0,o
lcl|NC_007205.1_prot_WP_049752873.1_974,184,3.74,3.74,0,o
lcl|NC_007205.1_prot_WP_006996915.1_975,390,237.2,23.11,11,o20-42i61-83o98-120i127-149o159-181i183-201o216-238i258-280o295-317i330-352o367-386i
lcl|NC_007205.1_prot_WP_041185808.1_976,149,20.3,0,1,i95-113o
lcl|NC_007205.1_prot_WP_011282104.1_977,93,0,0,0,i
lcl|NC_007205.1_prot_WP_011282105.1_978,330,111.39,19.25,5,i12-31o69-91i140-162o172-194i256-278o
lcl|NC_007205.1_prot_WP_011282106.1_979,315,0.15,0,0,o
lcl|NC_007205.1_prot_WP_011282107.1_980,564,0.75,0,0,o
lcl|NC_007205.1_prot_WP_011282108.1_981,83,0,0,0,o
lcl|NC_007205.1_prot_WP_011282109.1_982,701,0.02,0.01,0,o
lcl|NC_007205.1_prot_WP_011282110.1_983,236,0,0,0,o
lcl|NC_007205.1_prot_WP_041185790.1_984,410,0.43,0.02,0,o
lcl|NC_007205.1_prot_WP_011282112.1_985,270,0.02,0.01,0,o
lcl|NC_007205.1_prot_WP_011282113.1_986,224,0.01,0,0,o
lcl|NC_007205.1_prot_WP_011282114.1_987,317,7.67,1.83,0,o
lcl|NC_007205.1_prot_WP_011282115.1_988,257,0.04,0.03,0,o
lcl|NC_007205.1_prot_WP_011282116.1_989,318,0,0,0,o
lcl|NC_007205.1_prot_WP_041185810.1_990,145,0.03,0.03,0,o
lcl|NC_007205.1_prot_WP_011282118.1_991,95,0,0,0,i
lcl|NC_007205.1_prot_WP_041185791.1_992,282,201.51,38.24,10,i3-21o31-53i65-87o92-111i120-139o143-160i172-194o204-221i234-251o256-273i
lcl|NC_007205.1_prot_WP_011282120.1_993,300,190.9,39.04,9,i7-24o34-53i66-88o122-144i151-173o183-205i218-235o239-261i274-296o
lcl|NC_007205.1_prot_WP_011282121.1_994,430,2.14,2.13,0,o
lcl|NC_007205.1_prot_WP_011282122.1_995,74,0.13,0.13,0,o
lcl|NC_007205.1_prot_WP_011282123.1_996,340,1.06,0.64,0,o
lcl|NC_007205.1_prot_WP_006996897.1_997,149,0.07,0,0,o
lcl|NC_007205.1_prot_WP_006996896.1_998,153,0.19,0.19,0,o
lcl|NC_007205.1_prot_WP_006996895.1_999,442,0.27,0,0,o
lcl|NC_007205.1_prot_WP_011282124.1_1000,336,172.02,22.5,8,i12-34o97-116i128-150o160-179i191-213o254-276i283-305o310-332i
lcl|NC_007205.1_prot_WP_006996893.1_1001,96,0,0,0,i
lcl|NC_007205.1_prot_WP_006996892.1_1002,63,0,0,0,i
lcl|NC_007205.1_prot_WP_011282125.1_1003,125,0,0,0,i
lcl|NC_007205.1_prot_WP_027306977.1_1004,100,0,0,0,i
lcl|NC_007205.1_prot_WP_011282127.1_1005,333,0.05,0,0,o
lcl|NC_007205.1_prot_WP_011282128.1_1006,60,0,0,0,i
lcl|NC_007205.1_prot_WP_006996887.1_1007,155,8.6,8.59,0,o
lcl|NC_007205.1_prot_WP_011282129.1_1008,154,1.31,1.3,0,o
lcl|NC_007205.1_prot_WP_011282130.1_1009,701,341.05,22.78,15,o10-32i65-87o130-152i164-186o231-253i258-280o295-317i330-352o377-399i406-428o467-489i510-532o584-606i613-635o677-699i
lcl|NC_007205.1_prot_WP_011282131.1_1010,319,0.06,0,0,o
lcl|NC_007205.1_prot_WP_011282132.1_1011,134,0.01,0,0,o
lcl|NC_007205.1_prot_WP_006996882.1_1012,128,0.08,0.05,0,o
lcl|NC_007205.1_prot_WP_006996881.1_1013,366,0.03,0.02,0,o
lcl|NC_007205.1_prot_WP_011282133.1_1014,197,0.04,0.03,0,o
lcl|NC_007205.1_prot_WP_041185792.1_1015,366,0.01,0.01,0,o
lcl|NC_007205.1_prot_WP_006996878.1_1016,152,0,0,0,o
lcl|NC_007205.1_prot_WP_011282135.1_1017,436,0.05,0,0,o
lcl|NC_007205.1_prot_WP_006996876.1_1018,141,1.02,0.11,0,o
lcl|NC_007205.1_prot_WP_011282136.1_1019,213,0.01,0,0,o
lcl|NC_007205.1_prot_WP_006996874.1_1020,329,0.02,0.01,0,o
lcl|NC_007205.1_prot_WP_006996873.1_1021,226,0.04,0.03,0,o
lcl|NC_007205.1_prot_WP_006996872.1_1022,222,0.01,0,0,o
lcl|NC_007205.1_prot_WP_006996871.1_1023,244,22.25,22.14,1,i13-35o
lcl|NC_007205.1_prot_WP_006996870.1_1024,128,0.03,0,0,o
lcl|NC_007205.1_prot_WP_006996869.1_1025,239,0,0,0,o
lcl|NC_007205.1_prot_WP_011282137.1_1026,195,6.96,0.02,0,o
lcl|NC_007205.1_prot_WP_006996867.1_1027,581,0,0,0,o
lcl|NC_007205.1_prot_WP_011282138.1_1028,173,0.19,0.15,0,o
lcl|NC_007205.1_prot_WP_006996865.1_1029,156,0.01,0.01,0,o
lcl|NC_007205.1_prot_WP_006996864.1_1030,293,0,0,0,o
lcl|NC_007205.1_prot_WP_011282139.1_1031,737,21.77,21.57,1,i5-27o
lcl|NC_007205.1_prot_WP_006996862.1_1032,417,0.99,0.88,0,o
lcl|NC_007205.1_prot_WP_006996861.1_1033,91,0,0,0,o
lcl|NC_007205.1_prot_WP_006996860.1_1034,1002,1.18,0.7,0,o
lcl|NC_007205.1_prot_WP_006996859.1_1035,187,0.01,0,0,o
lcl|NC_007205.1_prot_WP_011282140.1_1036,255,0.09,0.09,0,o
lcl|NC_007205.1_prot_WP_006996857.1_1037,246,121.93,34.84,6,i5-27o47-69i76-98o102-124i172-194o214-233i
lcl|NC_007205.1_prot_WP_006996856.1_1038,87,0.02,0.02,0,o
lcl|NC_007205.1_prot_WP_006996855.1_1039,161,12.47,12.45,0,o
lcl|NC_007205.1_prot_WP_006996854.1_1040,456,262.11,19.43,12,i19-41o56-78i90-112o138-160i167-189o193-215i244-266o286-308i321-343o353-375i388-410o420-442i
lcl|NC_007205.1_prot_WP_011282142.1_1041,301,0,0,0,o
lcl|NC_007205.1_prot_WP_011282143.1_1042,216,3.38,0.03,0,o
lcl|NC_007205.1_prot_WP_011282144.1_1043,492,0,0,0,o
lcl|NC_007205.1_prot_WP_011282145.1_1044,485,0.27,0,0,o
lcl|NC_007205.1_prot_WP_006996849.1_1045,95,0,0,0,o
lcl|NC_007205.1_prot_WP_006996848.1_1046,151,0,0,0,o
lcl|NC_007205.1_prot_WP_006996847.1_1047,313,0.28,0,0,o
lcl|NC_007205.1_prot_WP_011282146.1_1048,428,0.19,0,0,o
lcl|NC_007205.1_prot_WP_006996845.1_1049,191,103.75,29.51,4,i5-27o78-96i108-130o150-172i
lcl|NC_007205.1_prot_WP_011282147.1_1050,863,0,0,0,o
lcl|NC_007205.1_prot_WP_011282148.1_1051,100,0.27,0.27,0,o
lcl|NC_007205.1_prot_WP_006996842.1_1052,153,0.02,0.01,0,o
lcl|NC_007205.1_prot_WP_011282149.1_1053,432,0.11,0.1,0,o
lcl|NC_007205.1_prot_WP_011282150.1_1054,271,0.29,0.29,0,o
lcl|NC_007205.1_prot_WP_011282151.1_1055,280,0,0,0,o
lcl|NC_007205.1_prot_WP_006996838.1_1056,457,112.88,0,5,i297-319o326-348i369-391o396-418i430-452o
lcl|NC_007205.1_prot_WP_006996837.1_1057,206,0.08,0,0,o
lcl|NC_007205.1_prot_WP_006996836.1_1058,304,0,0,0,o
lcl|NC_007205.1_prot_WP_006996835.1_1059,145,0,0,0,o
lcl|NC_007205.1_prot_WP_006996834.1_1060,342,0.01,0,0,o
lcl|NC_007205.1_prot_WP_006996833.1_1061,150,0.93,0.91,0,i
lcl|NC_007205.1_prot_WP_006996832.1_1062,127,0.23,0.23,0,o
lcl|NC_007205.1_prot_WP_006996831.1_1063,213,0,0,0,o
lcl|NC_007205.1_prot_WP_011282152.1_1064,426,218.92,23.25,10,i13-35o67-89i109-131o141-163i170-192o202-224i260-282o302-324i362-379o383-400i
lcl|NC_007205.1_prot_WP_006996829.1_1065,153,0.01,0,0,o
lcl|NC_007205.1_prot_WP_006996828.1_1066,170,0.27,0.26,0,o
lcl|NC_007205.1_prot_WP_006996827.1_1067,118,0,0,0,i
lcl|NC_007205.1_prot_WP_006996826.1_1068,179,0.04,0,0,o
lcl|NC_007205.1_prot_WP_006996825.1_1069,131,0.01,0,0,o
lcl|NC_007205.1_prot_WP_006996824.1_1070,101,0.01,0,0,i
lcl|NC_007205.1_prot_WP_011282153.1_1071,184,0,0,0,o
lcl|NC_007205.1_prot_WP_006996822.1_1072,82,0,0,0,i
lcl|NC_007205.1_prot_WP_006996821.1_1073,122,0,0,0,o
lcl|NC_007205.1_prot_WP_011282154.1_1074,78,0,0,0,o
lcl|NC_007205.1_prot_WP_006996819.1_1075,63,0,0,0,i
lcl|NC_007205.1_prot_WP_006996818.1_1076,136,0,0,0,i
lcl|NC_007205.1_prot_WP_011282155.1_1077,226,0.08,0,0,o
lcl|NC_007205.1_prot_WP_006996816.1_1078,132,0.28,0,0,i
lcl|NC_007205.1_prot_WP_006996815.1_1079,97,0.44,0.42,0,o
lcl|NC_007205.1_prot_WP_006996814.1_1080,281,0,0,0,o
lcl|NC_007205.1_prot_WP_006996813.1_1081,97,0,0,0,o
lcl|NC_007205.1_prot_WP_011282156.1_1082,207,0,0,0,o
lcl|NC_007205.1_prot_WP_011282157.1_1083,236,0,0,0,o
lcl|NC_007205.1_prot_WP_006996810.1_1084,102,0,0,0,i
lcl|NC_007205.1_prot_WP_006996809.1_1085,692,2.69,0,0,o
lcl|NC_007205.1_prot_WP_006996808.1_1086,156,0,0,0,i
lcl|NC_007205.1_prot_WP_006996807.1_1087,123,0,0,0,o
lcl|NC_007205.1_prot_WP_011282158.1_1088,1389,0.06,0,0,o
lcl|NC_007205.1_prot_WP_011282159.1_1089,1363,0.01,0,0,o
lcl|NC_007205.1_prot_WP_006996804.1_1090,121,0.11,0.11,0,o
lcl|NC_007205.1_prot_WP_006996803.1_1091,166,2.38,0,0,i
lcl|NC_007205.1_prot_WP_011282160.1_1092,229,0,0,0,o
lcl|NC_007205.1_prot_WP_006996801.1_1093,141,0,0,0,o
lcl|NC_007205.1_prot_WP_006996800.1_1094,176,0,0,0,o
lcl|NC_007205.1_prot_WP_006996799.1_1095,63,21.09,21.09,1,i29-51o
lcl|NC_007205.1_prot_WP_006996798.1_1096,396,0.04,0.03,0,o
lcl|NC_007205.1_prot_WP_006996797.1_1097,247,0.01,0,0,o
lcl|NC_007205.1_prot_WP_006996796.1_1098,259,0.48,0.47,0,o
lcl|NC_007205.1_prot_WP_006996795.1_1099,138,0.02,0.01,0,o
lcl|NC_007205.1_prot_WP_006996794.1_1100,249,0.39,0.01,0,o
lcl|NC_007205.1_prot_WP_006996793.1_1101,232,0,0,0,o
lcl|NC_007205.1_prot_WP_006996792.1_1102,256,0,0,0,o
lcl|NC_007205.1_prot_WP_006996791.1_1103,430,0.58,0,0,o
lcl|NC_007205.1_prot_WP_006996790.1_1104,260,0.13,0,0,o
lcl|NC_007205.1_prot_WP_006996789.1_1105,80,0,0,0,o
lcl|NC_007205.1_prot_WP_006996788.1_1106,227,0.21,0.01,0,o
lcl|NC_007205.1_prot_WP_006996787.1_1107,730,0.24,0,0,o
lcl|NC_007205.1_prot_WP_006996786.1_1108,76,0,0,0,o
lcl|NC_007205.1_prot_WP_006996785.1_1109,110,0,0,0,o
lcl|NC_007205.1_prot_WP_011282162.1_1110,396,0.09,0,0,o
lcl|NC_007205.1_prot_WP_006996782.1_1111,205,0,0,0,o
lcl|NC_007205.1_prot_WP_011282163.1_1112,237,1.37,0,0,o
lcl|NC_007205.1_prot_WP_011282164.1_1113,533,0.01,0,0,o
lcl|NC_007205.1_prot_WP_011282165.1_1114,453,0,0,0,o
lcl|NC_007205.1_prot_WP_041185793.1_1115,245,0.6,0.6,0,o
lcl|NC_007205.1_prot_WP_011282167.1_1116,459,2.34,0,0,o
lcl|NC_007205.1_prot_WP_011282168.1_1117,606,1.57,0,0,o
lcl|NC_007205.1_prot_WP_011282169.1_1118,207,0.04,0.01,0,i
lcl|NC_007205.1_prot_WP_011282170.1_1119,229,0.01,0.01,0,o
lcl|NC_007205.1_prot_WP_011282171.1_1120,500,0.01,0,0,o
lcl|NC_007205.1_prot_WP_006996772.1_1121,298,0.01,0,0,o
lcl|NC_007205.1_prot_WP_011282172.1_1122,374,0.14,0,0,o
lcl|NC_007205.1_prot_WP_011282173.1_1123,208,0.01,0.01,0,i
lcl|NC_007205.1_prot_WP_006996769.1_1124,342,32.08,0,1,i169-191o
lcl|NC_007205.1_prot_WP_011282175.1_1125,645,0.08,0,0,o
lcl|NC_007205.1_prot_WP_011282176.1_1126,484,0.09,0,0,o
lcl|NC_007205.1_prot_WP_011282177.1_1127,93,1.71,1.71,0,o
lcl|NC_007205.1_prot_WP_011282178.1_1128,319,20.32,20.32,1,i7-29o
lcl|NC_007205.1_prot_WP_011282179.1_1129,216,0.93,0.93,0,o
lcl|NC_007205.1_prot_WP_011282180.1_1130,125,0.06,0.06,0,o
lcl|NC_007205.1_prot_WP_011282181.1_1131,187,17.87,17.23,1,i5-24o
lcl|NC_007205.1_prot_WP_011282182.1_1132,119,3.63,3.39,0,o
lcl|NC_007205.1_prot_WP_011282183.1_1133,111,0.03,0.03,0,o
lcl|NC_007205.1_prot_WP_011282184.1_1134,242,0,0,0,o
lcl|NC_007205.1_prot_WP_011282185.1_1135,117,24.72,21.68,1,i7-29o
lcl|NC_007205.1_prot_WP_020169512.1_1136,307,0,0,0,o
lcl|NC_007205.1_prot_WP_006996719.1_1137,61,42.65,42.65,2,i5-27o42-60i
lcl|NC_007205.1_prot_WP_011282187.1_1138,447,0.88,0.5,0,o
lcl|NC_007205.1_prot_WP_011282188.1_1139,183,0.01,0,0,o
lcl|NC_007205.1_prot_WP_011282189.1_1140,353,0.24,0,0,o
lcl|NC_007205.1_prot_WP_006996714.1_1141,68,0,0,0,i
lcl|NC_007205.1_prot_WP_011282191.1_1142,226,0,0,0,o
lcl|NC_007205.1_prot_WP_011282192.1_1143,232,0,0,0,o
lcl|NC_007205.1_prot_WP_011282193.1_1144,255,0,0,0,o
lcl|NC_007205.1_prot_WP_011282194.1_1145,419,128.86,21.88,6,i19-41o204-226i246-268o273-290i335-357o392-411i
lcl|NC_007205.1_prot_WP_011282195.1_1146,466,194.12,37.28,9,o4-21i42-64o131-150i163-185o237-259i280-302o317-336i366-388o436-458i
lcl|NC_007205.1_prot_WP_011282196.1_1147,338,0.62,0.6,0,o
lcl|NC_007205.1_prot_WP_011282197.1_1148,347,0.01,0,0,o
lcl|NC_007205.1_prot_WP_011282198.1_1149,321,177.42,39.38,8,o4-21i38-60o90-112i124-143o158-177i194-216o231-249i294-316o
lcl|NC_007205.1_prot_WP_011282199.1_1150,60,21.83,21.83,1,o4-26i
lcl|NC_007205.1_prot_WP_011282200.1_1151,124,74.57,35.4,3,o23-45i57-79o94-116i
lcl|NC_007205.1_prot_WP_011282201.1_1152,142,0.62,0.62,0,o
lcl|NC_007205.1_prot_WP_011282202.1_1153,294,206.44,39.28,10,i5-27o32-51i64-83o88-110i117-135o150-169i176-198o211-233i240-262o267-286i
lcl|NC_007205.1_prot_WP_011282203.1_1154,178,6.94,6.76,0,o
lcl|NC_007205.1_prot_WP_011282204.1_1155,466,1.34,0,0,o
lcl|NC_007205.1_prot_WP_011282205.1_1156,162,0,0,0,o
lcl|NC_007205.1_prot_WP_006996701.1_1157,97,0,0,0,i
lcl|NC_007205.1_prot_WP_011282206.1_1158,536,248.68,21.54,11,o49-71i76-98o102-124i137-154o169-191i198-215o249-271i291-313o323-341i348-365o380-411i
lcl|NC_007205.1_prot_WP_011282207.1_1159,134,0.03,0.02,0,o
lcl|NC_007205.1_prot_WP_006996698.1_1160,261,173.21,43.61,8,i7-29o39-61i74-96o100-119i139-161o171-193i205-227o242-259i
lcl|NC_007205.1_prot_WP_011282209.1_1161,330,0.63,0.63,0,o
lcl|NC_007205.1_prot_WP_011282210.1_1162,180,0,0,0,o
lcl|NC_007205.1_prot_WP_011282211.1_1163,402,250.89,39.26,12,i9-31o46-65i78-100o104-126i138-160o165-185i218-240o255-277i284-303o307-329i342-364o374-393i
lcl|NC_007205.1_prot_WP_011282212.1_1164,288,3.87,3.83,0,o
lcl|NC_007205.1_prot_WP_011282213.1_1165,199,0,0,0,o
lcl|NC_007205.1_prot_WP_011282214.1_1166,170,0.19,0,0,o
lcl|NC_007205.1_prot_WP_011282215.1_1167,184,0.01,0.01,0,o
lcl|NC_007205.1_prot_WP_041185794.1_1168,360,0.01,0,0,o
lcl|NC_007205.1_prot_WP_011282217.1_1169,500,257.63,31.15,12,i21-43o58-80i108-130o145-160i165-182o202-223i261-283o325-347i360-382o397-414i419-437o475-492i
lcl|NC_007205.1_prot_WP_011282218.1_1170,156,86.7,40.02,4,i7-29o44-61i81-103o118-140i
lcl|NC_007205.1_prot_WP_011282219.1_1171,326,20.92,20.89,1,i7-26o
lcl|NC_007205.1_prot_WP_011282220.1_1172,365,209.87,30.99,10,i28-45o49-67i74-91o102-124i129-151o161-183i204-226o283-305i312-331o341-360i
lcl|NC_007205.1_prot_WP_011282221.1_1173,310,0,0,0,o
lcl|NC_007205.1_prot_WP_006996683.1_1174,129,0,0,0,o
lcl|NC_007205.1_prot_WP_006996682.1_1175,224,94.65,28.53,4,o15-37i58-77o87-109i192-214o
lcl|NC_007205.1_prot_WP_006996681.1_1176,230,91.34,24.02,4,o15-37i68-90o94-116i197-219o
lcl|NC_007205.1_prot_WP_011282222.1_1177,283,2.52,2.27,0,o
lcl|NC_007205.1_prot_WP_011282223.1_1178,346,0.02,0.01,0,o
lcl|NC_007205.1_prot_WP_011282224.1_1179,174,0.02,0.02,0,o
lcl|NC_007205.1_prot_WP_006996677.1_1180,175,2.41,0.65,0,o
lcl|NC_007205.1_prot_WP_011282225.1_1181,402,0.02,0,0,o
lcl|NC_007205.1_prot_WP_011282226.1_1182,280,0.03,0.03,0,o
lcl|NC_007205.1_prot_WP_018414265.1_1183,205,22.56,22.51,1,o10-32i
lcl|NC_007205.1_prot_WP_006996981.1_1184,119,0,0,0,o
lcl|NC_007205.1_prot_WP_041185795.1_1185,288,0.02,0,0,o
lcl|NC_007205.1_prot_WP_011282230.1_1186,252,22.68,22.67,1,i13-35o
lcl|NC_007205.1_prot_WP_006996673.1_1187,75,20.31,6.71,1,i55-74o
lcl|NC_007205.1_prot_WP_011282231.1_1188,814,3.12,3.07,0,o
lcl|NC_007205.1_prot_WP_006996671.1_1189,147,6.94,6.94,0,o
lcl|NC_007205.1_prot_WP_006996670.1_1190,180,84.76,26.81,4,i21-40o55-72i92-114o144-166i
lcl|NC_007205.1_prot_WP_011282232.1_1191,234,9.85,9.84,0,o
lcl|NC_007205.1_prot_WP_041185796.1_1192,237,3.55,0.01,0,o
lcl|NC_007205.1_prot_WP_006996667.1_1193,317,0.04,0.04,0,o
lcl|NC_007205.1_prot_WP_011282234.1_1194,439,262.17,37.19,12,i12-34o44-66i87-109o129-151i158-178o188-210i234-256o266-288i309-331o353-375i382-401o406-428i
lcl|NC_007205.1_prot_WP_011282235.1_1195,337,0,0,0,o
lcl|NC_007205.1_prot_WP_006996664.1_1196,141,0,0,0,i
lcl|NC_007205.1_prot_WP_011282236.1_1197,122,1.87,1.87,0,o
lcl|NC_007205.1_prot_WP_041185797.1_1198,315,198.47,20.3,10,i25-44o59-81i102-121o125-142i149-166o171-189i202-224o234-253i260-282o287-306i
lcl|NC_007205.1_prot_WP_018414275.1_1199,105,71.99,41.06,3,o4-23i36-55o70-104i
lcl|NC_007205.1_prot_WP_011282239.1_1200,232,157.7,40,8,i12-34o38-60i62-79o99-121i134-156o162-179i186-204o208-227i
lcl|NC_007205.1_prot_WP_011282240.1_1201,352,0.02,0.01,0,o
lcl|NC_007205.1_prot_WP_011282241.1_1202,538,264.54,29.96,12,i7-29o55-77i84-106o137-156i210-232o236-255i288-310o325-347i368-390o405-427i467-489o509-531i
lcl|NC_007205.1_prot_WP_011282242.1_1203,339,1.21,0.96,0,o
lcl|NC_007205.1_prot_WP_011282244.1_1204,424,0.04,0,0,o
lcl|NC_007205.1_prot_WP_006996653.1_1205,477,0,0,0,o
lcl|NC_007205.1_prot_WP_011282246.1_1206,296,8.6,0.05,0,o
lcl|NC_007205.1_prot_WP_011282247.1_1207,333,15.48,0,0,o
lcl|NC_007205.1_prot_WP_011282248.1_1208,202,0.02,0,0,o
lcl|NC_007205.1_prot_WP_041185798.1_1209,155,0,0,0,o
lcl|NC_007205.1_prot_WP_011282250.1_1210,124,0,0,0,o
lcl|NC_007205.1_prot_WP_011282251.1_1211,323,1.47,1.43,0,o
lcl|NC_007205.1_prot_WP_011282252.1_1212,72,21.61,11.31,1,i49-71o
lcl|NC_007205.1_prot_WP_041185799.1_1213,539,4.59,0.02,0,o
lcl|NC_007205.1_prot_WP_011282254.1_1214,317,0.03,0,0,o
lcl|NC_007205.1_prot_WP_011282255.1_1215,249,0,0,0,o
lcl|NC_007205.1_prot_WP_011282256.1_1216,810,16.95,16.94,1,i7-24o
lcl|NC_007205.1_prot_WP_027307056.1_1217,166,4.2,4.2,0,o
lcl|NC_007205.1_prot_WP_011282258.1_1218,189,10.4,0,0,o
lcl|NC_007205.1_prot_WP_011282259.1_1219,65,0,0,0,o
lcl|NC_007205.1_prot_WP_011282260.1_1220,140,84.09,39.78,4,i5-23o38-60i84-106o111-133i
lcl|NC_007205.1_prot_WP_011282261.1_1221,139,85.05,33.15,4,i13-35o50-69i76-98o113-135i
lcl|NC_007205.1_prot_WP_011282262.1_1222,145,0,0,0,o
lcl|NC_007205.1_prot_WP_006998023.1_1223,261,23.19,0.01,0,o
lcl|NC_007205.1_prot_WP_006998022.1_1224,124,0.01,0,0,o
lcl|NC_007205.1_prot_WP_011282263.1_1225,135,0.01,0.01,0,o
lcl|NC_007205.1_prot_WP_011282264.1_1226,397,0.26,0,0,o
lcl|NC_007205.1_prot_WP_006998018.1_1227,242,0.04,0,0,o
lcl|NC_007205.1_prot_WP_011282265.1_1228,452,0.21,0,0,o
lcl|NC_007205.1_prot_WP_006998016.1_1229,181,92.34,25.03,4,o29-51i58-80o117-136i149-168o
lcl|NC_007205.1_prot_WP_006998014.1_1230,203,0.05,0,0,o
lcl|NC_007205.1_prot_WP_011282267.1_1231,550,0.03,0,0,o
lcl|NC_007205.1_prot_WP_011282268.1_1232,323,0,0,0,o
lcl|NC_007205.1_prot_WP_006998011.1_1233,163,30.49,0.79,0,o
lcl|NC_007205.1_prot_WP_006998010.1_1234,348,1.27,1.27,0,o
lcl|NC_007205.1_prot_WP_011282269.1_1235,155,0,0,0,o
lcl|NC_007205.1_prot_WP_006998008.1_1236,68,0,0,0,o
lcl|NC_007205.1_prot_WP_041185800.1_1237,252,0.25,0.24,0,o
lcl|NC_007205.1_prot_WP_006998006.1_1238,115,0.01,0,0,i
lcl|NC_007205.1_prot_WP_011282272.1_1239,248,0.08,0,0,o
lcl|NC_007205.1_prot_WP_006998004.1_1240,146,0.02,0.02,0,o
lcl|NC_007205.1_prot_WP_011282273.1_1241,103,21.05,21.05,1,i7-29o
lcl|NC_007205.1_prot_WP_011282274.1_1242,283,201.63,39.55,10,i5-24o29-51i64-86o91-113i120-137o142-164i171-193o208-230i239-256o266-280i
lcl|NC_007205.1_prot_WP_011282275.1_1243,195,0,0,0,o
lcl|NC_007205.1_prot_WP_011282276.1_1244,998,3.91,3.37,0,o
lcl|NC_007205.1_prot_WP_011282277.1_1245,88,0,0,0,o
lcl|NC_007205.1_prot_WP_011282278.1_1246,418,0.25,0.22,0,o
lcl|NC_007205.1_prot_WP_011282279.1_1247,561,0.68,0,0,o
lcl|NC_007205.1_prot_WP_011282280.1_1248,263,0,0,0,o
lcl|NC_007205.1_prot_WP_011282281.1_1249,388,0.74,0.01,0,o
lcl|NC_007205.1_prot_WP_011282282.1_1250,458,20.47,0,1,i119-141o
lcl|NC_007205.1_prot_WP_011282283.1_1251,251,0.01,0,0,o
lcl|NC_007205.1_prot_WP_011282284.1_1252,358,19.43,19.34,1,i21-40o
lcl|NC_007205.1_prot_WP_011282285.1_1253,443,278.45,41.59,13,i5-24o28-50i63-85o105-127i148-170o180-202i228-247o251-270i287-309o324-346i351-368o373-395i416-438o
lcl|NC_007205.1_prot_WP_011282286.1_1254,169,87.58,32.79,4,i21-40o50-72i99-121o136-158i
lcl|NC_007205.1_prot_WP_011282287.1_1255,64,18.12,18.12,1,o5-22i
lcl|NC_007205.1_prot_WP_006997993.1_1256,342,0.26,0.11,0,o
lcl|NC_007205.1_prot_WP_011282288.1_1257,443,0.15,0,0,o
lcl|NC_007205.1_prot_WP_011282289.1_1258,717,344.17,19.51,15,o10-27i175-194o204-226i239-261o266-288i319-341o356-375i401-423o451-470i477-499o503-520i527-549o573-595i644-666o681-703i
lcl|NC_007205.1_prot_WP_006997990.1_1259,341,0.02,0.01,0,o
lcl|NC_007205.1_prot_WP_006997989.1_1260,195,23.01,22.86,1,o32-54i
lcl|NC_007205.1_prot_WP_006997988.1_1261,125,2.83,2.83,0,o
lcl|NC_007205.1_prot_WP_006997987.1_1262,159,16.62,16.62,1,o4-26i
lcl|NC_007205.1_prot_WP_006997986.1_1263,314,9.49,9.46,0,o
lcl|NC_007205.1_prot_WP_011282291.1_1264,775,0,0,0,o
lcl|NC_007205.1_prot_WP_011282292.1_1265,116,0.01,0.01,0,o
lcl|NC_007205.1_prot_WP_011282293.1_1266,442,0.05,0.04,0,o
lcl|NC_007205.1_prot_WP_011282294.1_1267,489,0.45,0.4,0,o
lcl|NC_007205.1_prot_WP_011282295.1_1268,314,0.01,0,0,o
lcl|NC_007205.1_prot_WP_011282296.1_1269,284,0.93,0,0,o
lcl|NC_007205.1_prot_WP_006997979.1_1270,474,0.87,0.02,0,o
lcl|NC_007205.1_prot_WP_006997978.1_1271,133,0,0,0,i
lcl|NC_007205.1_prot_WP_011282297.1_1272,466,237.48,29.79,11,o10-32i53-75o118-140i147-169o184-206i227-249o264-286i293-315o325-347i360-382o404-426i
lcl|NC_007205.1_prot_WP_006997976.1_1273,74,21.09,21.09,1,o20-42i
lcl|NC_007205.1_prot_WP_011282298.1_1274,292,0.02,0.02,0,o
lcl|NC_007205.1_prot_WP_011282299.1_1275,226,0.03,0,0,o
lcl|NC_007205.1_prot_WP_006997972.1_1276,438,0.31,0,0,o
lcl|NC_007205.1_prot_WP_011282300.1_1277,441,1.53,1.45,0,o
lcl|NC_007205.1_prot_WP_011282301.1_1278,380,4.13,0,0,o
lcl|NC_007205.1_prot_WP_011282302.1_1279,473,0.01,0,0,o
lcl|NC_007205.1_prot_WP_006997968.1_1280,139,0,0,0,o
lcl|NC_007205.1_prot_WP_020169615.1_1281,352,0.56,0.19,0,o
lcl|NC_007205.1_prot_WP_011282304.1_1282,145,0.04,0,0,o
lcl|NC_007205.1_prot_WP_011282305.1_1283,433,0.21,0.2,0,o
lcl|NC_007205.1_prot_WP_011282306.1_1284,214,18.48,18.48,1,o28-45i
lcl|NC_007205.1_prot_WP_011282307.1_1285,889,0.05,0,0,o
lcl|NC_007205.1_prot_WP_011282308.1_1286,195,107.85,35.94,4,o39-61i73-92o140-162i175-194o
lcl|NC_007205.1_prot_WP_011282309.1_1287,113,0.01,0,0,o
lcl|NC_007205.1_prot_WP_011282310.1_1288,396,0.13,0,0,o
lcl|NC_007205.1_prot_WP_011282311.1_1289,478,0.02,0,0,o
lcl|NC_007205.1_prot_WP_011282312.1_1290,321,0.14,0.01,0,o
lcl|NC_007205.1_prot_WP_011282313.1_1291,245,1.68,1.65,0,o
lcl|NC_007205.1_prot_WP_011282314.1_1292,214,20.15,20.03,1,i13-32o
lcl|NC_007205.1_prot_WP_011282315.1_1293,402,0,0,0,o
lcl|NC_007205.1_prot_WP_011282316.1_1294,740,3.74,3.54,0,o
lcl|NC_007205.1_prot_WP_006997949.1_1295,284,154.12,23.25,7,o15-37i85-107o117-139i152-174o194-216i221-240o250-272i
lcl|NC_007205.1_prot_WP_011282317.1_1296,415,132.61,21.4,6,i29-51o201-223i230-252o282-304i334-356o382-404i
lcl|NC_007205.1_prot_WP_011282318.1_1297,373,22.91,22.88,1,i7-29o
lcl|NC_007205.1_prot_WP_011282319.1_1298,362,0.06,0,0,o
lcl|NC_007205.1_prot_WP_011282320.1_1299,388,0.07,0.05,0,o
lcl|NC_007205.1_prot_WP_011282321.1_1300,248,0.05,0,0,o
lcl|NC_007205.1_prot_WP_006997943.1_1301,388,0,0,0,o
lcl|NC_007205.1_prot_WP_006997942.1_1302,195,0,0,0,o
lcl|NC_007205.1_prot_WP_011282323.1_1303,260,0.47,0,0,o
lcl|NC_007205.1_prot_WP_006997940.1_1304,493,1.76,0,0,o
lcl|NC_007205.1_prot_WP_011282324.1_1305,285,204.13,39.84,10,i5-22o32-54i61-80o90-112i121-140o144-163i172-194o209-231i243-260o264-281i
lcl|NC_007205.1_prot_WP_006997938.1_1306,394,7.66,7.54,0,o
lcl|NC_007205.1_prot_WP_011282325.1_1307,253,170.9,38.81,8,i7-29o44-66i79-98o108-125i137-159o174-196i201-218o233-250i
lcl|NC_007205.1_prot_WP_011282326.1_1308,387,256.42,42.43,12,i7-29o39-61i68-90o94-111i131-150o160-182i203-225o245-267i274-296o300-322i335-357o362-379i
lcl|NC_007205.1_prot_WP_006997935.1_1309,443,238.88,44.36,11,o4-26i38-60o70-92i104-123o143-165i172-194o269-291i316-335o350-369i376-398o413-430i
lcl|NC_007205.1_prot_WP_011282327.1_1310,336,179.84,39.02,7,o20-39i52-74o78-100i113-132o169-186i215-237o252-274i
lcl|NC_007205.1_prot_WP_011282328.1_1311,235,0,0,0,o
lcl|NC_007205.1_prot_WP_011282329.1_1312,264,0.03,0.02,0,o
lcl|NC_007205.1_prot_WP_011282330.1_1313,255,1.54,1.45,0,o
lcl|NC_007205.1_prot_WP_011282331.1_1314,303,1.01,0,0,o
lcl|NC_007205.1_prot_WP_011282332.1_1315,107,68.01,42.39,3,o5-24i36-58o68-90i
lcl|NC_007205.1_prot_WP_011282333.1_1316,234,134.84,24.95,6,i13-35o59-81i104-121o136-158i170-192o207-229i
lcl|NC_007205.1_prot_WP_011282334.1_1317,261,0.02,0,0,o
lcl|NC_007205.1_prot_WP_011282335.1_1318,246,0.02,0.01,0,o
lcl|NC_007205.1_prot_WP_027307111.1_1319,350,194.66,41.03,9,i5-22o27-44i57-79o103-125i132-154o174-196i227-246o266-288i295-317o
lcl|NC_007205.1_prot_WP_027307112.1_1320,297,171.42,41.36,8,o10-32i39-61o65-87i100-122o142-164i198-220o235-257i264-283o
lcl|NC_007205.1_prot_WP_011282338.1_1321,413,21.23,21.14,1,i7-29o
lcl|NC_007205.1_prot_WP_006997922.1_1322,204,127.89,41.83,6,o6-28i40-62o77-94i115-137o147-169i182-201o
lcl|NC_007205.1_prot_WP_011282339.1_1323,98,0,0,0,i
lcl|NC_007205.1_prot_WP_006997920.1_1324,84,0.01,0.01,0,o
lcl|NC_007205.1_prot_WP_011282340.1_1325,124,0,0,0,i
lcl|NC_007205.1_prot_WP_006997918.1_1326,316,0.06,0,0,o
lcl|NC_007205.1_prot_WP_006997917.1_1327,299,203.98,40.19,10,i7-26o41-60i73-92o96-118i131-153o158-176i183-205o220-239i251-270o274-293i
lcl|NC_007205.1_prot_WP_011282341.1_1328,413,1.74,1.68,0,o
lcl|NC_007205.1_prot_WP_011282342.1_1329,373,209.96,27.14,10,i21-38o53-72i74-96o106-128i140-162o166-185i190-212o278-297i310-332o342-364i
lcl|NC_007205.1_prot_WP_011282343.1_1330,655,19.7,19.66,1,i19-41o
lcl|NC_007205.1_prot_WP_011282344.1_1331,173,102.19,33.27,5,o10-27i34-53o75-97i110-132o142-161i
lcl|NC_007205.1_prot_WP_041185801.1_1332,283,21.31,21.02,1,i25-47o
lcl|NC_007205.1_prot_WP_011282346.1_1333,345,0.09,0.01,0,o
